sample_id,circuit,fault,f1,f2,f3,f4,f5,f6,f7,f8,f9,f10,f11,f12,f13,f14,f15,f16,f17
0,RC,normal,5.0,4.953711839780102,4.933745842766012,0.44431177180743026,0.0019095477386934674,0.003819095477386935,-8.81177987254892,84.79091682590995,52.368421052631575,977627.1067038209,139.76673172756998,259.52804857394557,0.062022007561876105,4907.8521983155115,0.005,1.0093441366226004,5.0
1,RC,normal,5.0,4.873808913678319,4.829908842324189,0.6526820833214677,0.0066834170854271355,0.011457286432160804,-5.0386575645804905,27.241581971234574,52.368421052631575,941644.3712543985,125.03822588411867,241.06994388421595,0.11785052954708526,4750.802665410047,0.005,1.0258916770346753,5.0
2,RC,normal,5.0,4.79254488275483,4.725363443511573,0.7996416572089975,0.010979899497487438,0.01957286432160804,-3.7831407688717373,14.796705510017361,52.368421052631575,905954.4000117683,120.79395820703017,235.89469420336886,0.16600654351730268,4593.6972906439005,0.005,1.043287047345485,5.0
3,RC,normal,4.999993,4.709878776162794,4.620710279068435,0.9121373816810939,0.01527638190954774,0.027211055276381912,-3.0929436125616707,9.465062067856413,52.368421052631575,870681.8073736561,119.0057379015947,233.619564079473,0.20851917645014187,4436.5916172297475,0.005,1.0615969619654555,4.999985935107144
4,RC,normal,4.999864,4.625748239988118,4.516032010034595,1.0014997074867589,0.02005025125628141,0.03484924623115578,-2.6362767742643114,6.53001925895936,52.368421052631575,835845.157609872,118.29699765203327,232.54456698277866,0.24682077075833733,4279.509355950634,0.005,1.08087680967541,4.99976517108617
5,RC,normal,4.999087,4.54014577484669,4.411415624110514,1.0734690718469244,0.02434673366834171,0.04296482412060302,-2.3037120085549465,4.690439986247966,52.368421052631575,801473.5124231008,118.18924837881521,232.1068972938116,0.2817831790427843,4122.5847313716495,0.005,1.101085129842292,4.99858059625644
6,RC,normal,4.996583,4.45319478287506,4.3070544385924565,1.131470652393009,0.02864321608040201,0.050125628140703524,-2.047205206785086,3.443290250190562,52.368421052631575,767636.4895896245,118.45225723543355,232.0494224416604,0.3139647885891901,3966.1887548451296,0.005,1.1220221085353288,4.995052970155069
7,RC,normal,4.990993,4.365179487203524,4.203270987940065,1.1778391050749544,0.03246231155778895,0.05728643216080402,-1.8418104298730393,2.5524821963847026,52.368421052631575,734448.8094070056,118.94979255296717,232.228342443351,0.3437335538293986,3810.958391100484,0.005,1.1433648981974374,4.987617852398302
8,RC,normal,4.98109,4.276511850633683,4.1004772153617095,1.2143476499379458,0.03675879396984925,0.06349246231155779,-1.673001285146674,1.892076913935691,52.368421052631575,702052.5442481682,119.59194899477266,232.55346373803968,0.37134377947813085,3657.7107217220655,0.005,1.1647553365862682,4.974999930202868
9,RC,normal,4.966026,4.187668711950721,3.99911202487459,1.2424460767190104,0.040577889447236185,0.06874371859296483,-1.5315758687679415,1.3885336805452964,52.368421052631575,670592.4991384655,120.31697117977866,232.9652254852455,0.39698589310816385,3507.3138482102017,0.005,1.1858688787458311,4.9564369980790675
10,RC,normal,4.945398,4.099133293704008,3.899588712765984,1.2633691585679938,0.044396984924623115,0.07304020100502513,-1.411322072006609,0.9959611861774755,52.368421052631575,640196.8579457272,121.08246501223299,233.42391324409132,0.4208164043778198,3360.5787519105334,0.005,1.2064496676884837,4.931682169644626
11,RC,normal,4.919183,4.011353849149765,3.8022624257684097,1.2781862730753943,0.04773869346733669,0.0763819095477387,-1.3078397964200332,0.6842617384060126,52.368421052631575,610966.2857170443,121.85962478786277,233.90302423926533,0.44297356298203516,3218.1919406177276,0.005,1.2263149013998493,4.9008975135913815
12,RC,normal,4.887645,3.9247209085118575,3.7074161353562003,1.2878275540656192,0.050603015075376886,0.0792462311557789,-1.2178958968160358,0.43292196984700393,52.368421052631575,582970.4279483261,122.62943134540205,234.3852416458447,0.4635848739372898,3080.686841942028,0.005,1.2453484244955537,4.864521276847265
13,RC,normal,4.851231,3.8395582727226962,3.6152592530405085,1.2931002524701156,0.05298994974874373,0.08115577889447237,-1.1390467895173897,0.22752983634189672,52.368421052631575,556249.1500879896,123.37973040507148,234.85954452603485,0.4827699351755125,2948.441545926659,0.005,1.2634867491045811,4.82315136944198
14,RC,normal,4.810486,3.7561231426197947,3.525933606220591,1.294701999321951,0.055376884422110556,0.08306532663316583,-1.0694044836484486,0.05770685146791932,52.368421052631575,530816.3295796427,124.10306423576505,235.31908876154765,0.5006412497306333,2821.6922125048004,0.005,1.2807050826999287,4.777456631688616
15,RC,normal,4.765997,3.6746110403804426,3.439522500370781,1.2932328744386954,0.05728643216080402,0.08402010050251257,-1.00748397940259,-0.08417725999032166,52.368421052631575,506664.52175866824,124.79529256102994,235.75995511141798,0.5173043111555254,2700.5532596171674,0.005,1.297007206375389,4.728116980474435
16,RC,normal,4.718347,3.5951631357412057,3.3560607995427483,1.2892066872169996,0.059195979899497486,0.08545226130653266,-0.9521000884292024,-0.20383194126295434,52.368421052631575,483769.6764586107,125.45444094949177,236.1800880249927,0.5328573650425256,2585.039594518508,0.005,1.3124152706987606,4.675784225824922
17,RC,normal,4.66809,3.517874616547633,3.2755448255627324,1.283061928933816,0.060628140703517595,0.08592964824120604,-0.9022952360012382,-0.30559544217080425,52.368421052631575,462095.4875506618,126.07997191976952,236.5786769258684,0.5473913768589628,2475.088363550031,0.005,1.326963154980539,4.621061022581648
18,RC,normal,4.615741,3.442802510795163,3.197940960798023,1.2751716510288702,0.062060301507537684,0.08688442211055276,-0.8572871208269124,-0.3928096075094012,52.368421052631575,441597.0199054516,126.67238378575091,236.95580534291827,0.5609901477980923,2370.5778256674957,0.005,1.3406929341799307,4.564490171104411
19,RC,normal,4.56176,3.3699726846633733,3.1231928307021333,1.2658524549204226,0.06349246231155779,0.08736180904522614,-0.8164307447092429,-0.4680801919957527,52.368421052631575,422223.6321858622,127.2326542184565,237.31194394948528,0.5737304949408722,2271.3431790754526,0.005,1.3536489541177614,4.506551813370888
20,RC,normal,4.506559,3.2993863241711074,3.0512276084505707,1.255372533376583,0.06444723618090452,0.0878391959798995,-0.7791900923532882,-0.5334610816261014,52.368421052631575,403921.38094151247,127.76220974694841,237.6479774455685,0.5856825660393984,2177.1900232254666,0.005,1.3658779412963005,4.447663435844305
21,RC,normal,4.450498,3.231025216776217,2.9819608064061525,1.243958882158639,0.06540201005025126,0.08831658291457287,-0.7451157561486408,-0.5905887872014834,52.368421052631575,386634.7994513076,128.2626467809073,237.96494563124259,0.5969103786228508,2087.90479028876,0.005,1.3774259565948304,4.388185239798973
22,RC,normal,4.393886,3.1648561549124175,2.9153002354598043,1.2318031573327861,0.06635678391959798,0.08879396984924623,-0.7138285828226384,-0.6407780878887634,52.368421052631575,370308.24980203435,128.73554199755606,238.2638126591261,0.6074720696526631,2003.2628962574022,0.005,1.388336715771398,4.32842398321571
23,RC,normal,4.336994,3.1008345560277384,2.851148921183324,1.2190671733300453,0.06731155778894472,0.08879396984924623,-0.6850067754263706,-0.6850950607256872,52.368421052631575,354886.88935616595,129.1826521383172,238.54581021804472,0.6174205861654914,1923.0349887711482,0.005,1.398653788725774,4.268639173033489
24,RC,normal,4.280049,3.0389077046440076,2.7894077619726483,1.2058873806419292,0.0677889447236181,0.0892713567839196,-0.6583754008656554,-0.7244106358166955,52.368421052631575,340317.4380947072,129.605567879024,238.81196516836923,0.6268039573514099,1846.9920074689421,0.005,1.4084169102797368,4.2090483654746755
25,RC,normal,4.223246,2.979016801629585,2.7299769777841614,1.1923786333039592,0.06826633165829146,0.0892713567839196,-0.6336982166725309,-0.75944175127922,52.368421052631575,326548.57030764356,130.005914359057,239.0634024857507,0.6356658330338527,1774.9082208782722,0.005,1.4176643776194195,4.149832719872064
26,RC,normal,4.166747,2.921099173813791,2.67275768504952,1.1786376628397484,0.06874371859296483,0.08974874371859297,-0.6107712387492026,-0.7907826991266402,52.368421052631575,313531.28210810944,130.38515184908417,239.3010689804277,0.6440459399900601,1706.5640766511224,0.005,1.4264312000608625,4.091142124910269
27,RC,normal,4.110688,2.865089639351786,2.6176528198083666,1.164745618781309,0.06969849246231156,0.08974874371859297,-0.5894176909794736,-0.8189289355952463,52.368421052631575,301219.04081712564,130.7447082136059,239.52594437878085,0.6519802805986313,1641.7477283041894,0.005,1.4347502233577671,4.033098329949475
28,RC,normal,4.055181,2.8109217981432053,2.5645678674166033,1.1507706151492068,0.06969849246231156,0.09022613065326633,-0.5694833643963296,-0.844296321023144,52.368421052631575,289567.8784580459,131.08588747616204,239.73889728126318,0.6595016804855373,1580.256271055326,0.005,1.4426516606327178,3.9758004912713973
29,RC,normal,4.000319,2.7585288383143163,2.513411253807865,1.1367696429108716,0.07017587939698493,0.09022613065326633,-0.5508332664194495,-0.8672358803704272,52.368421052631575,278536.3776879249,131.4099349003445,239.94074994109974,0.6666400469594226,1521.896270362346,0.005,1.4501639223190133,3.919327544687447
30,RC,normal,3.946176,2.707844477714078,2.4640949091146154,1.12279027176141,0.0706532663316583,0.09022613065326633,-0.5333489393467291,-0.8880450146174894,52.368421052631575,268085.6819352716,131.7179804996622,240.13227403120274,0.6734225842131424,1466.4843430973256,0.005,1.457312645714167,3.8637413980454687
31,RC,normal,3.892812,2.6588032874542287,2.416534221351361,1.1088720748648984,0.07113065326633167,0.09070351758793971,-0.516925698280712,-0.9069775996134686,52.368421052631575,258179.37120076315,132.01108179126152,240.31417082574177,0.6798741474972461,1413.8469842754828,0.005,1.464121854508206,3.8090897344800156
32,RC,normal,3.840275,2.6113412808026095,2.37064831995499,1.095047865583234,0.07160804020100503,0.09070351758793971,-0.5014710171500456,-0.9242508512759975,52.368421052631575,248783.40302121764,132.29024084439308,240.4871117305535,0.6860174709653956,1363.8206569647627,0.005,1.4706139822595963,3.7554083057497665
33,RC,normal,3.7886,2.565395979970054,2.326359856603018,1.0813446960301323,0.07160804020100503,0.09070351758793971,-0.4869024969636069,-0.9400519730513719,52.368421052631575,239865.95234907808,132.5563302587032,240.65165049762226,0.691873346199915,1316.251306809303,0.005,1.4768090499791866,3.70272202167219
34,RC,normal,3.737815,2.520906970941608,2.283595379616952,1.0677846685236223,0.07160804020100503,0.09070351758793971,-0.47314725539049507,-0.9545421621316699,52.368421052631575,231397.36569113014,132.81022876748844,240.80840899315004,0.6974607310626975,1270.9943912283986,0.005,1.4827262739504634,3.6510476667380574
35,RC,normal,3.687938,2.4778156877819555,2.2422847695855985,1.0543858851022354,0.07208542713567839,0.09070351758793971,-0.4601392698613054,-0.967862001180384,52.368421052631575,223349.95373451154,133.0526728806501,240.95784754499192,0.7027971899207739,1227.9141165236729,0.005,1.48838269859422,3.600394678024107
36,RC,normal,3.638982,2.436065865261022,2.2023616957948957,1.041162744620342,0.07208542713567839,0.09118090452261307,-0.4478202877741448,-0.9801328991543645,52.368421052631575,215697.9555215804,133.28439755455398,241.100456337475,0.7078986341710568,1186.8833799779864,0.005,1.493794585726477,3.5507666571743237
37,RC,normal,3.590954,2.3956032158633302,2.163762917150178,1.0281268434490365,0.07256281407035176,0.09118090452261307,-0.43613716286092946,-0.9914620283288853,52.368421052631575,208417.3272142271,133.50607234636516,241.2366837077605,0.7127799332817554,1147.782953570946,0.005,1.498976949196442,3.5021620501877138
38,RC,normal,3.543855,2.3563756156655673,2.126428537277366,1.0152870126007343,0.07256281407035176,0.09118090452261307,-0.4250426437090476,-1.001942382465081,52.368421052631575,201485.67726562486,133.71828242110647,241.36690009338412,0.7174545641159658,1110.5012084206564,0.005,1.503943164425857,3.4545749911846544
39,RC,normal,3.497683,2.3183332267425727,2.090301806747109,1.0026501418383187,0.07304020100502512,0.09118090452261307,-0.414493488827298,-1.0116564697491217,52.368421052631575,194882.16053457937,133.92158937504456,241.49146802139563,0.7219350874527882,1074.9337900437258,0.005,1.508705892515072,3.40799665737867
40,RC,normal,3.452434,2.281428290538712,2.0553289395374144,0.9902211849735378,0.07256281407035176,0.09118090452261307,-0.40445098683342484,-1.0206767619866668,52.368421052631575,188587.3506303707,134.11655841858382,241.61077715776938,0.7262330243702142,1040.983008974078,0.005,1.513277456195995,3.36241496595168
41,RC,normal,3.408099,2.245615064113485,2.0214588816371983,0.9780035818050458,0.07304020100502513,0.09118090452261307,-0.3948796724148524,-1.029067416490622,52.368421052631575,182583.13066069566,134.30364096486753,241.72510109695574,0.7303590993793266,1008.5574032346824,0.005,1.5176683904841168,3.317816185738329
42,RC,normal,3.364668,2.210849848989517,1.988643274979439,0.9659994718715018,0.07304020100502513,0.09118090452261307,-0.3857473318623329,-1.0368855773055945,52.368421052631575,176852.61541573418,134.48330672990411,241.83476702460123,0.7343231909368442,977.5714109553937,0.005,1.5218889702246594,3.2741842670855474
43,RC,normal,3.322129,2.177090916192433,1.9568363431431108,0.954209821539217,0.0735175879396985,0.09118090452261307,-0.3770248779261092,-1.044181624595025,52.368421052631575,171380.06336048347,134.65597025036956,241.940030105265,0.7381344139803842,947.9449714735214,0.005,1.5259486754968195,3.231501991168641
44,RC,normal,3.280468,2.1442984365112348,1.9259946533341983,0.9426348074162171,0.0735175879396985,0.09165829145728643,-0.3686852612263637,-1.0510010714058342,52.368421052631575,166150.7856321047,134.82200083502136,242.04111468360296,0.7418013287439092,919.6031569649053,0.005,1.5298560797989056,3.1897510976850443
45,RC,normal,3.239671,2.112434390025135,1.8960770817154102,0.9312737257941068,0.0735175879396985,0.09165829145728643,-0.360704104965535,-1.0573843184032845,52.368421052631575,161151.07514447704,134.98179181001754,242.13829557329925,0.7453318038183319,892.4758104321726,0.005,1.5336197021302294,3.1489124174622556
46,RC,normal,3.199721,2.0814624298302826,1.8670445738366885,0.9201252121868857,0.07399497487437186,0.09165829145728643,-0.3530590619359717,-1.0633676568312487,52.368421052631575,156368.1212446723,135.1356402570035,242.23174494232745,0.7487331314390341,866.4971693589966,0.005,1.5372465792048418,3.108966057042378
47,RC,normal,3.160603,2.0513479785288786,1.8388601656539143,0.9091874505214949,0.07399497487437186,0.09165829145728643,-0.34572923266527994,-1.068983622556012,52.368421052631575,151789.9687147549,135.28390953010495,242.3217377044084,0.7520122201874074,841.6057058029035,0.005,1.540744443693372,3.0698922191612823
48,RC,normal,3.1223,2.0220579758046,1.8114887512694506,0.898458102272578,0.0735175879396985,0.09165829145728643,-0.3386957547083419,-1.0742615833194236,52.368421052631575,147405.43251893992,135.42688074739675,242.4084206596685,0.7551754113482367,817.7436915029992,0.005,1.5441199200817184,3.031670270717824
49,RC,normal,3.084793,1.9935609054323662,1.7848970349236941,0.8879344899196789,0.07399497487437187,0.09165829145728643,-0.33194114995229373,-1.0792280586469998,52.368421052631575,143204.05412579235,135.56477216444551,242.4919244668801,0.7582286261606789,794.8570167336632,0.005,1.547378357788856,2.9942798691940973
50,RC,normal,3.066334,1.9796002763605673,1.7718836325756235,0.8827489149115099,0.07399497487437187,0.09165829145728643,-0.32866319668212196,-1.081601989705986,52.368421052631575,141168.9667875542,135.63194358620356,242.53258228588112,0.7597157734720377,783.763450833367,0.005,1.548966241628011,2.975890259701893
51,RC,drift,5.0,4.933870334361722,4.907999962274566,0.5045917623262482,0.003341708542713568,0.005728643216080402,-7.241500852315839,57.3930273133027,52.368421052631575,968635.1225803222,133.44261476571623,251.50973650013069,0.07669669404473003,4868.615295258931,0.005,1.0134032029941527,5.0
52,RC,drift,5.0,4.81339765355529,4.752038419702968,0.7661121516582904,0.010025125628140705,0.017663316582914573,-4.0252016542404,16.921126890754152,52.368421052631575,915016.8402426407,121.54320682600286,236.81348290066245,0.1543383034756113,4633.7593942503145,0.005,1.038767282463538,5.0
53,RC,drift,4.999984,4.689822764282366,4.595587573018584,0.9354209849571737,0.01670854271356784,0.029120603015075377,-2.9678550056919857,8.614094752601726,52.368421052631575,862280.6137952739,118.76207504641549,233.28181657989214,0.21805595304164435,4398.887512076219,0.005,1.0661349588900926,4.999968282777159
54,RC,drift,4.999409,4.562969783925015,4.439124525989142,1.0558724789359635,0.02291457286432161,0.040577889447236185,-2.3830334571423744,5.106384735980708,52.368421052631575,810533.6877435216,118.17454967784445,232.1780997797289,0.27280773359265764,4164.1386498025395,0.005,1.0956480618417692,4.999058339098081
55,RC,drift,4.995619,4.4330321754986,4.28311911715814,1.143094439335756,0.029597989949748743,0.05203517587939699,-1.9960828828004646,3.2126080373914485,52.368421052631575,759940.9223503761,118.54973716823461,232.07353164348572,0.32101463393064344,3930.354853801171,0.005,1.1269079046190598,4.99374232890469
56,RC,drift,4.9843,4.3009336712891075,4.12862157302418,1.2052030333465555,0.035804020100502515,0.06206030150753769,-1.7163722364608702,2.055578588037995,52.368421052631575,710874.1424132986,119.40488762272759,232.4533223469934,0.3639544056771346,3699.6060889656796,0.005,1.1588879022414844,4.979040105673486
57,RC,drift,4.961972,4.168148132653477,3.9770454263625097,1.2476251570049848,0.04153266331658292,0.06969849246231156,-1.5034795639119123,1.2938868877124419,52.368421052631575,663810.1510282847,120.483110575504,233.0632338648157,0.4023790072129554,3474.691771148533,0.005,1.1904500133111076,4.951521943907922
58,RC,drift,4.927212,4.036269992807428,3.829758676179776,1.2745289078963282,0.04678391959798995,0.07542713567839196,-1.335829062185701,0.7661878829106517,52.368421052631575,619173.6518612601,121.63819552939079,233.76553300599838,0.43682167309129843,3258.295090967535,0.005,1.220733996680157,4.910263844913439
59,RC,drift,4.880385,3.906705173553863,3.6878343686918913,1.2892722684396014,0.05108040201005025,0.07972361809045227,-1.2004875385135192,0.38637553775387,52.368421052631575,577252.3985786056,122.78891403891872,234.4857712588148,0.4677281651672968,3052.469062614504,0.005,1.2492329938377196,4.856225996888575
60,RC,drift,4.822922,3.7805442272659175,3.5519843476142943,1.294574002757938,0.05489949748743719,0.08258793969849247,-1.0890858611436738,0.10459964848839798,52.368421052631575,538185.117860124,123.89278433860487,235.18533763508273,0.49549945211836766,2858.502930862731,0.005,1.2757216183892994,4.791345917158196
61,RC,drift,4.756701,3.658552643458142,3.4225938016451947,1.2926171567383957,0.05776381909547739,0.08449748743718594,-0.9959178037121713,-0.10973081549453889,52.368421052631575,501985.99889401515,124.9297864688388,235.84565871177412,0.520500711369517,2677.0014889909116,0.005,1.3001592333256313,4.717869783138802
62,RC,drift,4.683663,3.5412146544820255,3.2997914983305145,1.2851370731030638,0.06015075376884422,0.08592964824120604,-0.9169442902980434,-0.27623719765365573,52.368421052631575,468579.29544513964,125.89273254909455,236.4593959250175,0.5430613366168932,2508.0402458236504,0.005,1.3226148248516951,4.63797113250927
63,RC,drift,4.605597,3.42879194788857,3.183521085703636,1.2735021471461425,0.06253768844221107,0.08688442211055276,-0.849222623016952,-0.40796068364707505,52.368421052631575,437831.1118724889,126.78127131634666,237.02506761462374,0.5634746446647094,2351.3228443810985,0.005,1.3432127320632856,4.5535736075730044
64,RC,drift,4.524057,3.3213797187446903,3.0736013044848702,1.2587844363342997,0.06444723618090453,0.0878391959798995,-0.7905595497106136,-0.513826820816266,52.368421052631575,409574.36500840023,127.598645223751,237.5442716622587,0.5819987309537986,2206.3126472177114,0.005,1.3621017116675413,4.466292859249911
65,RC,drift,4.44034,3.2189541826769954,2.9697723342537743,1.2418205638797468,0.06540201005025126,0.08831658291457287,-0.739288359323834,-0.6001011320791934,52.368421052631575,383626.77869921573,128.34974294966696,238.0200261066411,0.5988590398603111,2072.3332060347448,0.005,1.3794356017541254,4.377441008092221
66,RC,drift,4.3555,3.121409116173289,2.871728912562004,1.2232611835929255,0.06683417085427136,0.08879396984924623,-0.6941211481401421,-0.6712793600321576,52.368421052631575,359802.84408838244,129.04007429829443,238.45595495537555,0.6142515325857534,1948.638974105943,0.005,1.3953633881032719,4.288057649740489
67,RC,drift,4.270378,3.0285842874430293,2.7791442577181145,1.203611224997188,0.0677889447236181,0.0892713567839196,-0.6540483530710512,-0.7306504575265067,52.368421052631575,337921.6253522981,129.67519500092052,238.85575299569567,0.6283461360740981,1834.4645572293603,0.005,1.4100244849402528,4.1989507622168105
68,RC,drift,4.185631,2.9402857916541234,2.691685880630035,1.1832614489706088,0.06874371859296483,0.08974874371859297,-0.6182682693045315,-0.7806620473606523,52.368421052631575,317811.290098618,130.26036037645542,239.22291868230792,0.6412899654113181,1729.056107320623,0.005,1.4235456335165568,4.110736954881828
69,RC,drift,4.101767,2.8563007434766723,2.6090258974784466,1.162513571306666,0.06969849246231156,0.08974874371859297,-0.5861365794008164,-0.8231645789012858,52.368421052631575,299311.53434204136,130.80049647092025,239.56079896905644,0.6532106352349248,1631.6907874370786,0.005,1.4360417086218145,4.02387832603179
70,RC,drift,4.019168,2.7764080259323323,2.5308479803506057,1.1415997664754185,0.07017587939698493,0.09022613065326633,-0.5571301594442408,-0.8595764388434581,52.368421052631575,282274.70784045005,131.29998398643275,239.87229118983305,0.6642188357295021,1541.688305292294,0.005,1.4476143140561417,3.93871338492234
71,RC,drift,3.93812,2.700385151803012,2.4568509250286366,1.1206977738284796,0.0706532663316583,0.09022613065326633,-0.5308201678844015,-0.8909988164594296,52.368421052631575,266565.89382531535,131.7628596553021,240.1601426754574,0.6744108321978532,1458.4159936156354,0.005,1.458354930358941,3.8554831620292225
72,RC,drift,3.858829,2.6280134415981946,2.3867509915896115,1.0999428864112872,0.07113065326633167,0.09070351758793971,-0.5068518984981872,-0.9182965213397418,52.368421052631575,252062.58527466567,132.1926919211592,240.4267159519703,0.6838705440326694,1381.2909298441577,0.005,1.4683444684564855,3.774352352286757
73,RC,drift,3.781436,2.559081189966481,2.320282713961537,1.079437197863565,0.07113065326633167,0.09070351758793971,-0.48492948218100673,-0.9421561491864092,52.368421052631575,238653.97931205475,132.59259271746737,240.6740513486853,0.6926712973834167,1309.779307368052,0.005,1.4776537824692968,3.695426160844024
74,RC,drift,3.706037,2.4933856290054353,2.2571989256576943,1.059256770070685,0.07160804020100503,0.09070351758793971,-0.46480440383439187,-0.9631278783107993,52.368421052631575,226240.1170366475,132.96546513281007,240.90412610435615,0.7008774136799623,1243.394378986166,0.005,1.4863473009902075,3.6187642844898718
75,RC,drift,3.632686,2.4307340673717572,2.1972702698167526,1.0394572947750473,0.07208542713567839,0.09118090452261307,-0.44626655178450253,-0.9816568954414473,52.368421052631575,214730.9658149415,133.31377308957332,241.11851847474966,0.7085453747170536,1181.6936212563292,0.005,1.4944810494748442,3.544390280712321
76,RC,drift,3.561408,2.3709444312504755,2.140284419347804,1.0200784775568366,0.07256281407035176,0.09118090452261307,-0.42913697875336787,-0.9981062151491962,52.368421052631575,204045.5036242256,133.63977047384924,241.31874753561,0.715724960790885,1124.275499215528,0.005,1.502105217253723,3.4723013245004752
77,RC,drift,3.492205,2.3138455389383523,2.08604520353351,1.0011476349069353,0.07304020100502512,0.09118090452261307,-0.4132623592438304,-1.0127742533522444,52.368421052631575,194110.85918855297,133.9454280500205,241.50606461316326,0.7224602728546387,1070.7762356129826,0.005,1.5092645300784888,3.4024744713226602
78,RC,drift,3.42506,2.259276741819687,2.034371428509295,0.9826821902285758,0.07304020100502513,0.09118090452261307,-0.3985109567444703,-1.0259078477822379,52.368421052631575,184861.45495827423,134.232507896494,241.68164780823315,0.7287902685105433,1020.8662792254759,0.005,1.515998432861907,3.33487136309826
79,RC,drift,3.359945,2.207087826494816,1.9850959344853152,0.9646920776867007,0.07304020100502513,0.09118090452261307,-0.3847683326745495,-1.0377127462420623,52.368421052631575,176238.27964592795,134.50262484409512,241.84654091006206,0.7347497279094284,974.2473347723223,0.005,1.52234313454399,3.2694429965888334
80,RC,drift,3.29682,2.157138451968966,1.938064455076521,0.9471813284329546,0.0735175879396985,0.09118090452261307,-0.3719352191419449,-1.0483617061968904,52.368421052631575,168188.17814423458,134.75718085684744,242.00165538155798,0.7403696331232174,930.6492601926135,0.005,1.5283302733724715,3.2061326078974255
81,RC,drift,3.235638,2.1092976126595326,1.8931346167321932,0.930149311509425,0.0735175879396985,0.09165829145728643,-0.35992489733375294,-1.058000057821233,52.368421052631575,160663.22671374388,134.99743796446228,242.14780772885507,0.7456776054228181,889.827283754241,0.005,1.5339883668290448,3.144877919811213
82,RC,drift,3.176347,2.0634431664447788,1.8501749576915558,0.913591991579778,0.07399497487437186,0.09165829145728643,-0.3486610607910714,-1.0667514329932952,52.368421052631575,153620.17810528717,135.22452732879125,242.28571108608347,0.7506985056947927,851.5595402295312,0.005,1.5393430997533628,3.085613308159304
83,RC,drift,3.118892,2.019461196271479,1.8090640285215285,0.8975025704451719,0.0735175879396985,0.09165829145728643,-0.33807669114034933,-1.0747208705829525,52.368421052631575,147019.95440147276,135.43949518214828,242.416064058044,0.7554546108625894,815.6447046492465,0.005,1.5444178901572336,3.0282713541167134
84,RC,drift,3.063215,1.9772456609681015,1.769689674581511,0.8818723600934385,0.07399497487437187,0.09165829145728643,-0.32811246380853076,-1.0819986038707239,52.368421052631575,140827.22610401394,135.64324178390504,242.53941824752238,0.7599660171902088,781.900080763437,0.005,1.5492333909081306,2.9727839106981166
85,RC,drift,3.009258,1.9366976047965325,1.7319480507306348,0.866691157215176,0.07399497487437187,0.09165829145728643,-0.3187156618734213,-1.088662272978883,52.368421052631575,135009.97887895527,135.8366282848901,242.65634459043184,0.7642508719952494,750.1595224849252,0.005,1.5538089129387598,2.9190826271683434
86,RC,drift,2.956961,1.8977246797475826,1.6957429762532912,0.8519476032073185,0.07399497487437187,0.09165829145728643,-0.3098394394544863,-1.094778573085671,52.368421052631575,129539.17011474473,136.02037251544238,242.7672707310225,0.768325557927207,720.2717920246131,0.005,1.5581612188303875,2.867100239311146
87,RC,drift,2.906267,1.8602409505993236,1.6609854707277565,0.8376297871482172,0.07447236180904523,0.09165829145728643,-0.3014418651647002,-1.1004058124326506,52.368421052631575,124388.45099699355,136.19522681674502,242.87270737395934,0.7722050385687599,692.0992788573351,0.005,1.562306753360995,2.816770663700368
88,RC,drift,2.857116,1.8241662112075385,1.627593003941372,0.8237253059317575,0.07447236180904523,0.09165829145728643,-0.2934854304769229,-1.1055946945558723,52.368421052631575,119533.85960201567,136.36173067629753,242.97296735567153,0.7759027880434204,665.5164732222532,0.005,1.5662585911558369,2.7680294009438007
89,RC,drift,2.809453,1.7894253785425864,1.595488803014058,0.8102213677934249,0.07447236180904523,0.09165829145728643,-0.28593651669548126,-1.1103892924138403,52.368421052631575,114953.55246999256,136.52054247921012,243.0685154167564,0.7794311479011213,640.4086370744558,0.005,1.5700308231283633,2.7208137024528862
90,RC,drift,2.763222,1.75594855845778,1.5646017217471724,0.7971052579526373,0.0749497487437186,0.09165829145728643,-0.2787646471832934,-1.1148286448308637,52.368421052631575,110627.64348262509,136.67213950878423,243.15961090634707,0.7828013715377955,616.6710679899912,0.005,1.5736349374761245,2.6750628440385933
91,RC,drift,2.718368,1.7236703019484232,1.5348654996217688,0.7843642061502973,0.07447236180904523,0.09213567839195981,-0.2719424502351801,-1.1189466577618665,52.368421052631575,106537.96282203203,136.8169471336514,243.2465032665505,0.7860237382895944,594.2078619637936,0.005,1.5770811836388772,2.630718549831191
92,RC,drift,2.67484,1.6925294204937238,1.5062184399459173,0.7719856542732564,0.07447236180904523,0.09213567839195981,-0.2654447531412391,-1.122773998546561,52.368421052631575,102667.90142996534,136.9554700377307,243.32956659807843,0.7891077468467164,572.9311678473641,0.005,1.5803802094144566,2.5877244953033984
93,RC,drift,2.632587,1.6624685739505662,1.4786030488066262,0.7599570931526195,0.07447236180904523,0.09213567839195981,-0.259249349163051,-1.126336972228823,52.368421052631575,99002.25118224781,137.08806823569103,243.408971911538,0.7920619538777619,552.760351874646,0.005,1.5835409109383143,2.5460263467776985
94,RC,drift,2.591561,1.633434169163339,1.4519657600509037,0.7482664075248391,0.0749497487437186,0.09213567839195981,-0.25333568304665,-1.1296594583151585,52.368421052631575,95527.08441628644,137.2151577232873,243.48505358181936,0.7948943293126456,533.6214369980655,0.005,1.5865720510349206,2.5055723697449777
95,RC,drift,2.551714,1.6053758880505062,1.4262564844787613,0.7369017454289519,0.0749497487437186,0.09213567839195981,-0.24768482567784084,-1.1327624683986266,52.368421052631575,92229.60944020323,137.33699704131243,243.55788014588273,0.7976122234699508,515.4463483867903,0.005,1.5894807060411769,2.4663129314058336
96,RC,drift,2.513002,1.578246572914954,1.4014284603740892,0.7258515794370823,0.0749497487437186,0.09213567839195981,-0.24227984028267605,-1.1356649630889009,52.368421052631575,89098.07809388588,137.4539580987044,243.62774159137555,0.8002223693830167,498.17244898355943,0.005,1.5922746439794848,2.4282004222895397
97,RC,drift,2.475381,1.552001992782725,1.3774379656612319,0.7151047729924591,0.0749497487437186,0.09213567839195981,-0.2371050699339082,-1.1383839790273007,52.368421052631575,86121.68554613294,137.56628344591843,243.69477266975437,0.8027309719562665,481.74203712031,0.005,1.5949599365923912,2.3911893253698455
98,RC,drift,2.43881,1.5266004691981554,1.3542439744918915,0.7046504453333112,0.0749497487437186,0.09213567839195981,-0.23214613929068748,-1.140934200738031,52.368421052631575,83290.46680422545,137.67426241519595,243.75915620753466,0.8051438334764137,466.1017985112057,0.005,1.5975430698517874,2.3552363154717866
99,RC,drift,2.40325,1.5020029593859718,1.3318081240317325,0.6944782291528614,0.07542713567839197,0.09213567839195981,-0.22738975107114698,-1.1433297130658355,52.368421052631575,80595.24569608612,137.77817419480567,243.82108267328024,0.8074663164695987,451.20257800084346,0.005,1.6000301364136216,2.3202998542983346
100,RC,drift,2.368662,1.478172657277646,1.3100944046025083,0.6845780129046327,0.07542713567839197,0.09213567839195981,-0.22282393414794388,-1.1455825611459376,52.368421052631575,78027.54450005412,137.87819870119353,243.88063379078784,0.809703326953322,436.9988809446513,0.005,1.6024257980541803,2.286340254682769
101,RC,drift,2.346162,1.462720425703681,1.2960262911687679,0.6781348659153914,0.0749497487437186,0.09213567839195981,-0.21988520374267123,-1.1470083242363651,52.368421052631575,76385.39983421899,137.942696362397,243.91900123688467,0.8111470714540573,427.91020875415154,0.005,1.603971585254452,2.2642611637040115
102,RC,open,0.04729471,0.027377851391276953,0.02369449275335904,0.01371560279258122,0.0763819095477387,0.09261306532663317,-0.0033504007396821067,-1.1999886255998766,52.368421052631575,26.219797324800403,143.0125181976527,246.87694576644185,0.9263540586064398,0.1499093493605691,0.005,1.7274807041676357,0.04504788272120677
103,RC,open,0.002262345,0.0013081518940113825,0.0011317286136254346,0.0006560881975062639,0.0763819095477387,0.09309045226130654,-0.00020036818906378327,-1.200001236795617,52.368421052631575,0.059842067413830385,143.0908214767872,246.92173792072057,0.9281635608907272,0.0003422522755611134,0.005,1.7294207273305486,0.00215441166194888
104,RC,open,0.00115889,0.0006700846923596332,0.0005797086960082493,0.00033608231537395636,0.0763819095477387,0.09309045226130654,-0.00012357199924620222,-1.2000012524370867,52.368421052631575,0.01570168305424136,143.0927122647289,246.92278664094232,0.9282077519327787,8.980269898694084e-05,0.005,1.729467951161651,0.00110359533678267
105,RC,open,0.0007789556,0.00045039767112568064,0.0003896501763705505,0.00022589998275749292,0.0763819095477387,0.09309045226130654,-9.717537129980815e-05,-1.2000013255786637,52.368421052631575,0.007093783116386937,143.0933612550694,246.9231629933899,0.9282229319114678,4.057161243108735e-05,0.005,1.729484075823823,0.00074178767919287
106,RC,open,0.0005866322,0.0003391932832171012,0.00029344403445651486,0.00017012548904112035,0.0763819095477387,0.09309045226130654,-8.375966630022629e-05,-1.2000013444460134,52.368421052631575,0.004023273181576262,143.0936991843816,246.92336029061892,0.9282306513201687,2.301041667591933e-05,0.005,1.729492383917653,0.00055864048979634
107,RC,open,0.0004704729,0.000272028675603761,0.00023533813530390236,0.00013643885964936228,0.0763819095477387,0.09309045226130654,-7.56738907258842e-05,-1.2000013092885429,52.368421052631575,0.0025877007356700293,143.0939056775922,246.92348257928262,0.9282352968123344,1.4799920070147247e-05,0.005,1.7294974471194882,0.00044802357258783997
108,RC,open,0.0003927118,0.00022706658544438833,0.00019644029135917454,0.00011388786658857178,0.0763819095477387,0.09309045226130654,-7.032414750213e-05,-1.200001294418496,52.368421052631575,0.0018029799342152027,143.09402813965397,246.92354144985015,0.9282383909774864,1.0311846845074742e-05,0.005,1.729500618646421,0.000373972858661465
109,RC,open,0.0003370099,0.00019485937521965095,0.00016857704771001502,9.773410405978065e-05,0.0763819095477387,0.09309045226130654,-6.646828523603678e-05,-1.2000013742042928,52.368421052631575,0.0013277822945328545,143.09413895962547,246.92361984698584,0.9282406119452655,7.594035222198543e-06,0.005,1.729503133324291,0.000320928766957015
110,RC,open,0.0002951466,0.00017065378243697515,0.0001476362146048228,8.559358385536354e-05,0.0763819095477387,0.09309045226130654,-6.339143224588603e-05,-1.2000012350896163,52.368421052631575,0.0010183943143833943,143.09422596986602,246.9236721477997,0.9282423568845731,5.8245426920092896e-06,0.005,1.7295051758316686,0.000281062980495435
111,RC,open,0.0002625345,0.00015179738161366025,0.00013132310664286671,7.613597524448909e-05,0.0763819095477387,0.09309045226130654,-6.123248025573637e-05,-1.2000013198566346,52.368421052631575,0.0008057727776628874,143.09424739006408,246.9236639308521,0.9282435937203432,4.60848901295264e-06,0.005,1.7295061167008594,0.00025000706364720996
112,RC,open,0.0002364123,0.00013669343262829033,0.00011825633687620673,6.856043547357367e-05,0.0763819095477387,0.09309045226130654,-5.940045531192061e-05,-1.2000013080872154,52.368421052631575,0.0006534001772333287,143.09429679589658,246.92369220293673,0.928244654861335,3.73701890474099e-06,0.005,1.7295073761361646,0.000225131295025405
113,RC,open,0.000215018,0.00012432318546059287,0.00010755455915662685,6.235600410299419e-05,0.0763819095477387,0.09309045226130654,-5.7899985468908756e-05,-1.200001322228256,52.368421052631575,0.0005404905949154752,143.09434776032728,246.9237276961151,0.9282455072981682,3.091250888613795e-06,0.005,1.7295084517292632,0.00020475783962530498
114,RC,open,0.0001971745,0.00011400606327323761,9.862898845284303e-05,5.718133524001e-05,0.0763819095477387,0.09309045226130654,-5.661954611532289e-05,-1.2000012540412301,52.368421052631575,0.00045450610923917915,143.09435410065103,246.9237258166467,0.9282462321133993,2.599476492612291e-06,0.005,1.7295088904827205,0.00018776581308305
115,RC,open,0.0001820656,0.00010527008472966438,9.10713031618745e-05,5.279970150851861e-05,0.0763819095477387,0.09309045226130654,-5.5746510555187704e-05,-1.2000014242340016,52.368421052631575,0.00038751964868773896,143.09436881978544,246.92371158671799,0.9282467753203268,2.2163581477981435e-06,0.005,1.7295093897525398,0.00017337786596374497
116,RC,open,0.0001691075,9.777764989291076e-05,8.458943456222418e-05,4.9041781972353176e-05,0.0763819095477387,0.09309045226130654,-5.468412706496418e-05,-1.2000012789959302,52.368421052631575,0.0003343204388491946,143.09445565490694,246.92380806463353,0.9282473812456896,1.9120937637161263e-06,0.005,1.7295107847776254,0.00016103801935177998
117,RC,open,0.0001578713,9.12808712096592e-05,7.896893188299013e-05,4.578324197841449e-05,0.0763819095477387,0.09309045226130654,-5.391162980250128e-05,-1.2000012129958633,52.368421052631575,0.0002913689424547496,143.09448138413384,246.92383351010372,0.9282478327950011,1.666439489758878e-06,0.005,1.7295113193802896,0.000150337977706835
118,RC,open,0.0001480352,8.559365361785864e-05,7.404879856570123e-05,4.293074621562229e-05,0.0763819095477387,0.09309045226130654,-5.327051345237513e-05,-1.2000013554371127,52.368421052631575,0.00025619273140241734,143.0944737188018,246.92380737124992,0.928248204037023,1.465254707930793e-06,0.005,1.7295114035079964,0.00014097125298442997
119,RC,open,0.0001393529,8.057355070760391e-05,6.970580113543774e-05,4.04128489678422e-05,0.0763819095477387,0.09309045226130654,-5.262671322207906e-05,-1.200001263433309,52.368421052631575,0.00022702236960531343,143.09448503258673,246.92382276705314,0.9282485501639088,1.2984194147261637e-06,0.005,1.7295117166389065,0.0001327032562272
120,RC,open,0.0001316326,7.61096863170916e-05,6.584401795657937e-05,3.817393941709099e-05,0.0763819095477387,0.09309045226130654,-5.209946725095676e-05,-1.200001316220343,52.368421052631575,0.00020256457056861083,143.09447132724407,246.92377959023096,0.9282488482611232,1.158536870257216e-06,0.005,1.72951179238325,0.000125351365919175
121,RC,open,0.0001247229,7.211446524355295e-05,6.238766827167964e-05,3.6170083563443174e-05,0.0763819095477387,0.09309045226130654,-5.1608056982417094e-05,-1.2000012620918294,52.368421052631575,0.00018185631069765206,143.09455615738122,246.92389119446906,0.9282491583206941,1.040099219472721e-06,0.005,1.7295129289078415,0.00011877132377303499
122,RC,open,0.0001185023,6.851776651322603e-05,5.927608881336776e-05,3.4366111548307235e-05,0.0763819095477387,0.09309045226130654,-5.113804945759135e-05,-1.200001303056429,52.368421052631575,0.00016416855517279377,143.0944786121681,246.92379846115705,0.9282493873773204,9.389368655921917e-07,0.005,1.729512008788632,0.00011284763480548
123,RC,open,0.0001128728,6.52627899806199e-05,5.646014194269366e-05,3.273353216298825e-05,0.0763819095477387,0.09309045226130654,-5.094581530501101e-05,-1.2000013946397396,52.368421052631575,0.00014894119760283845,143.0944853632936,246.9237809623245,0.9282495460372286,8.518463512109002e-07,0.005,1.7295123305871252,0.00010748674281048499
124,RC,open,0.0001077539,6.230305260720385e-05,5.3899610994215305e-05,3.124903676672731e-05,0.0763819095477387,0.09309045226130654,-5.04647878901959e-05,-1.2000013645724783,52.368421052631575,0.0001357382357947985,143.0944890179417,246.9237968452663,0.9282497866218182,7.76334072835202e-07,0.005,1.7295123672245374,0.00010261212359662581
125,RC,open,0.0001030792,5.9600120269260376e-05,5.1561248737963233e-05,2.9893343150142758e-05,0.0763819095477387,0.09309045226130654,-5.019010051152582e-05,-1.2000014194589972,52.368421052631575,0.00012421607681941115,143.0945507588683,246.9238516478017,0.9282499531729557,7.104348672220603e-07,0.005,1.7295132884683888,9.816044344281718e-05
126,RC,open,9.87932e-05,5.71219643035746e-05,4.941734474528277e-05,2.8650389948912104e-05,0.0763819095477387,0.09309045226130654,-4.981319837188543e-05,-1.200001319156401,52.368421052631575,0.00011410108868542472,143.09454784195563,246.92384948102995,0.9282501686035854,6.525837611797701e-07,0.005,1.729513352779041,9.407897165509592e-05
127,RC,open,9.48494e-05,5.484166263284357e-05,4.7444608895296666e-05,2.750667277420095e-05,0.0763819095477387,0.09309045226130654,-4.955950678415198e-05,-1.2000013393319322,52.368421052631575,0.00010517311429937798,143.09455734494614,246.92385365558127,0.928250328222376,6.015215920669263e-07,0.005,1.7295135750168995,9.032335791060326e-05
128,RC,open,9.120838e-05,5.2736430984623184e-05,4.562332998904444e-05,2.6450763953176882e-05,0.0763819095477387,0.09309045226130654,-4.930049485615038e-05,-1.2000013091053945,52.368421052631575,9.725343907067103e-05,143.0945622179003,246.92385746189686,0.9282504708522162,5.562262305991848e-07,0.005,1.7295137023321585,8.685608111678818e-05
129,RC,open,8.783657e-05,5.0786852916338926e-05,4.393671010369837e-05,2.5472925517290176e-05,0.0763819095477387,0.09309045226130654,-4.9038337277677535e-05,-1.2000013077076497,52.368421052631575,9.01957534133467e-05,143.09457321175415,246.92386574804294,0.9282506196891102,5.158608858291687e-07,0.005,1.7295139382763685,8.364516301735954e-05
130,RC,open,8.470516e-05,4.897628143072988e-05,4.237034786204374e-05,2.4564807445438315e-05,0.0763819095477387,0.09309045226130654,-4.8845353957212746e-05,-1.2000013436198065,52.368421052631575,8.38793570755128e-05,143.09456752808043,246.9238565455709,0.9282507270141286,4.797352285564113e-07,0.005,1.7295139101118493,8.066318354656293e-05
131,RC,open,8.178935e-05,4.7290361529902874e-05,4.091182418242221e-05,2.3719210267112418e-05,0.0763819095477387,0.09309045226130654,-4.8619881254095146e-05,-1.200001330170597,52.368421052631575,7.820395834724224e-05,143.0945810580355,246.92386701354448,0.9282508613313938,4.4727565872578356e-07,0.005,1.7295141621677508,7.788650468219639e-05
132,RC,open,7.906759e-05,4.57166484098463e-05,3.955037316942179e-05,2.2929891495359996e-05,0.0763819095477387,0.09309045226130654,-4.847518954124683e-05,-1.2000013095359745,52.368421052631575,7.308566918430986e-05,143.09457468853242,246.92385608464872,0.9282509556933212,4.180023883659004e-07,0.005,1.7295141431008902,7.529462691504168e-05
133,RC,open,7.652115e-05,4.424430078627997e-05,3.827661538973585e-05,2.2191414249052515e-05,0.0763819095477387,0.09309045226130654,-4.8269037028022936e-05,-1.2000013025420737,52.368421052631575,6.845388868212315e-05,143.09458111855338,246.92385949317995,0.928251062411736,3.9151163041336285e-07,0.005,1.7295142795821739,7.286969651351818e-05
134,RC,open,7.413361e-05,4.2863831234810577e-05,3.7082343421242576e-05,2.1499019384970793e-05,0.0763819095477387,0.09309045226130654,-4.811683604283887e-05,-1.2000013055125305,52.368421052631575,6.424885890815243e-05,143.09458130724954,246.92385811814265,0.9282511361745291,3.674616056252645e-07,0.005,1.7295143216174902,7.059608636581051e-05
135,RC,open,7.189056e-05,4.156689925869521e-05,3.596034114577788e-05,2.0848524615948035e-05,0.0763819095477387,0.09309045226130654,-4.79225803568652e-05,-1.2000013433428933,52.368421052631575,6.041971807118021e-05,143.09460182998842,246.92388235412776,0.9282512565305928,3.4556142279650336e-07,0.005,1.7295146205778509,6.846006291119529e-05
136,RC,open,6.977925e-05,4.0346145214388694e-05,3.49042422396998e-05,2.0236237479652585e-05,0.0763819095477387,0.09309045226130654,-4.776073536850586e-05,-1.2000013090218196,52.368421052631575,5.692296648786884e-05,143.0946021109652,246.92388155043216,0.928251344104235,3.2556228673210793e-07,0.005,1.7295146693497385,6.64495026224503e-05
137,RC,open,6.778842e-05,3.919504855062823e-05,3.39084053612559e-05,1.9658887983374227e-05,0.0763819095477387,0.09309045226130654,-4.762486978747257e-05,-1.2000012948678325,52.368421052631575,5.3721216380859285e-05,143.0946151674069,246.92389332881226,0.9282514283903918,3.0725036617722084e-07,0.005,1.7295148878929878,6.455366638566753e-05
138,RC,open,6.590803e-05,3.810781267560425e-05,3.296781583843527e-05,1.911356862969238e-05,0.0763819095477387,0.09309045226130654,-4.757107944830262e-05,-1.2000013647111936,52.368421052631575,5.078219427376082e-05,143.09461544347914,246.92389371255553,0.9282514814595576,2.9044107738378876e-07,0.005,1.7295149044907743,6.27630054600559e-05
139,RC,open,6.412914e-05,3.707926671073746e-05,3.207800021000807e-05,1.859768594026487e-05,0.0763819095477387,0.09309045226130654,-4.738581755780666e-05,-1.2000012654983112,52.368421052631575,4.807792202567729e-05,143.09460091040674,246.92387128895425,0.9282515433887814,2.749744039612006e-07,0.005,1.7295147851839638,6.106900875348749e-05
140,RC,open,6.244376e-05,3.610478306937673e-05,3.123495476711408e-05,1.810891938198106e-05,0.0763819095477387,0.09309045226130654,-4.729175885612739e-05,-1.200001317645696,52.368421052631575,4.5584047920644235e-05,143.09460939176017,246.9238841641592,0.9282516189446363,2.607110720973505e-07,0.005,1.7295148922515864,5.946404998203973e-05
141,RC,open,6.08447e-05,3.518020919274828e-05,3.0435087287643763e-05,1.7645185763800712e-05,0.0763819095477387,0.09309045226130654,-4.7159909794212474e-05,-1.20000131645965,52.368421052631575,4.3279300952780265e-05,143.09461448947746,246.92388661923766,0.9282517010870486,2.475294237691061e-07,0.005,1.7295150141557987,5.79412927998139e-05
142,RC,open,5.932549e-05,3.430180578211882e-05,2.9675163014706856e-05,1.720460926510029e-05,0.0763819095477387,0.09309045226130654,-4.7069900380535625e-05,-1.2000013244084764,52.368421052631575,4.114502833951883e-05,143.09461701757664,246.9238884236035,0.9282517480462956,2.3532277598284007e-07,0.005,1.7295150691724157,5.649457649365912e-05
143,RC,open,5.78803e-05,3.346619929475891e-05,2.8952263137509937e-05,1.678549833793758e-05,0.0763819095477387,0.09309045226130654,-4.698205340303893e-05,-1.2000013601410289,52.368421052631575,3.9164824058073027e-05,143.09462347413339,246.9238936072856,0.928251805330497,2.239972990473044e-07,0.005,1.729515189048209,5.511834601583471e-05
144,RC,open,5.650384e-05,3.267033545952948e-05,2.826374544921527e-05,1.6386320887256933e-05,0.0763819095477387,0.09309045226130654,-4.687063203067646e-05,-1.2000012981473211,52.368421052631575,3.7324205959473824e-05,143.0946163406836,246.9238802328775,0.9282518671276043,2.1347016380763792e-07,0.005,1.7295151459339735,5.3807572607964674e-05
145,RC,open,5.519133e-05,3.191144619535302e-05,2.7607215148395165e-05,1.6005688677127617e-05,0.0763819095477387,0.09309045226130654,-4.6753072428912244e-05,-1.20000131939223,52.368421052631575,3.561035944686614e-05,143.0946137801643,246.9238753394572,0.928251930072282,2.0366807965578208e-07,0.005,1.7295151608652892,5.255769419885744e-05
146,RC,open,5.393842e-05,3.1187012372445514e-05,2.698049299767977e-05,1.5642338006871695e-05,0.0763819095477387,0.09309045226130654,-4.6664503201662175e-05,-1.2000013573759973,52.368421052631575,3.401190250227832e-05,143.09463743173973,246.92390590088118,0.928251987854466,1.9452594814381391e-07,0.005,1.7295154584174248,5.1364563045630314e-05
147,RC,open,5.274112e-05,3.049473934361593e-05,2.6381593938621894e-05,1.529511781231991e-05,0.0763819095477387,0.09309045226130654,-4.659193620744517e-05,-1.2000012959771422,52.368421052631575,3.251870402689104e-05,143.0946277745522,246.92389207224082,0.9282520152717938,1.8598582552701546e-07,0.005,1.7295153569181545,5.0224400434297495e-05
148,RC,open,5.159582e-05,2.9832532717424892e-05,2.580870581479088e-05,1.4962978062598566e-05,0.0763819095477387,0.09309045226130654,-4.6524804743301975e-05,-1.200001291651523,52.368421052631575,3.112172248267137e-05,143.09461680962409,246.92387821127218,0.9282520615369458,1.779960016672453e-07,0.005,1.72951524058376,4.913375672875776e-05
149,RC,open,5.049921e-05,2.9198474634093574e-05,2.5260169528258875e-05,1.464495668690856e-05,0.0763819095477387,0.09309045226130654,-4.645457449070955e-05,-1.200001312975511,52.368421052631575,2.9812863961887246e-05,143.0946223663766,246.92388264565773,0.9282521091287059,1.7051018419156117e-07,0.005,1.729515347388546,4.808947312247943e-05
150,RC,open,4.944824e-05,2.8590808266092178e-05,2.4734465341743787e-05,1.4340172299052765e-05,0.0763819095477387,0.09309045226130654,-4.641951123916264e-05,-1.200001374886232,52.368421052631575,2.85848708379312e-05,143.09461839818474,246.92388113688335,0.9282521304949767,1.6348686346168896e-07,0.005,1.72951528826291,4.708865522350172e-05
151,RC,open,4.844013e-05,2.800791961223314e-05,2.4230196822710575e-05,1.4047815593109841e-05,0.0763819095477387,0.09309045226130654,-4.634683223329683e-05,-1.2000013118140667,52.368421052631575,2.7431216490577915e-05,143.09463097402832,246.9238922197265,0.9282521791167868,1.5688871220106274e-07,0.005,1.7295154610070573,4.612864696147092e-05
152,RC,open,4.751977e-05,2.747577086111158e-05,2.3769824370265474e-05,1.378090830892658e-05,0.0763819095477387,0.09309045226130654,-4.625801679469904e-05,-1.2000013161584797,52.368421052631575,2.6398736047332554e-05,143.0946247147421,246.92388126474975,0.9282522200492305,1.5098359688246162e-07,0.005,1.7295154425406176,4.525220705080739e-05
153,RC,short,5.000002983887485,4.987484309885755,4.974999974135357,0.3526683976624125,0.095,0.0,-14.03584785865112,195.00502511605882,900.7368421052631,992524.989689469,176.8966184949805,304.70059678292273,0.04210917696717278,4974.999948271316,0.005,1.002510017721142,4.999999774778687
154,RC,short,5.000027,4.987484603301061,4.975000266792321,0.35266841874695504,0.095,0.0,-14.035847817810074,195.0050243556007,890.2631578947368,992525.106576777,176.89730005794127,304.7012914178612,0.04210917874196071,4975.000533633029,0.005,1.0025147740186782,5.000001208459093
155,RC,short,5.000050586898258,4.987484117259118,4.974999781906253,0.3526683852356274,0.095,0.0,-14.035847713930545,195.00502242136943,900.7368421052631,992524.9136053348,176.89644651373996,304.70076415900337,0.04210918638584102,4974.999563982394,0.005,1.0025196009337962,4.9999973513100455
156,RC,short,5.000050695993782,4.987483915333894,4.974999580483936,0.3526683709931598,0.095,0.0,-14.035847709591009,195.0050223405676,900.7368421052631,992524.8328706197,176.89581840235797,304.7000162973888,0.04210918077922698,4974.999161142861,0.005,1.0025196633960565,4.9999960124378795
157,RC,short,5.000001980953725,4.98748432105457,4.974999985276382,0.35266839844982034,0.095,0.0,-14.035847858935565,195.00502512135512,900.7368421052631,992524.9941420052,176.89664657675982,304.7006240651376,0.042109177077874996,4974.999970553033,0.005,1.0025098143860447,4.999999893309203
158,RC,short,5.000020890643079,4.987484404747616,4.975000068745542,0.35266840457081877,0.095,0.0,-14.035847834329342,195.00502466318864,890.2631578947368,992525.0272166587,176.89671875434652,304.7005442840598,0.04210917354343564,4975.0001375201355,0.005,1.0025135889915826,5.000001110005725
159,RC,short,5.000010883120631,4.987484317633934,4.974999981860808,0.3526683982573136,0.095,0.0,-14.035847852951617,195.00502500993449,900.7368421052631,992524.9928102602,176.89668900665438,304.7006952058221,0.04210917755483749,4974.999963728885,0.005,1.0025115999748426,4.999999377747141
160,RC,short,5.00001,4.987484412392043,4.975000076381909,0.3526684049551342,0.095,0.0,-14.035847853265507,195.0050250157789,890.2631578947368,992525.0304070893,176.89682069670772,304.7007347186868,0.04210917574916892,4975.000152770721,0.005,1.0025114038605984,5.000000630200153
161,RC,short,5.0,4.987484335815001,4.975,0.3526683994916471,0.095,0.0,-14.03584785916505,195.00502512562826,157.10526315789474,992525.0,176.89667312092942,304.7006396671248,0.04210917682001808,4975.0,0.005,1.002509414234171,5.0
162,RC,short,5.000003472195634,4.987484334946736,4.974999999133582,0.352668399434876,0.095,0.0,-14.035847858604532,195.0050251151913,900.7368421052631,992524.999645213,176.89667949647855,304.7006503282024,0.042109176680618414,4974.999998267818,0.005,1.002510110590459,4.999999861111859
163,RC,short,5.000008538693467,4.987484317358968,4.97499998158794,0.35266839821799645,0.095,0.0,-14.03584785536055,195.0050250547886,900.7368421052631,992524.9927118019,176.89668003592465,304.70069240789087,0.042109177714688875,4974.999963180329,0.005,1.00251112996805,4.999999380502513
164,RC,short,5.000021915269124,4.987484227621112,4.974999892061395,0.35266839206039957,0.095,0.0,-14.035847832594119,195.00502463087878,900.7368421052631,992524.9572128637,176.8965530235569,304.700678333915,0.042109181123426195,4974.999784153873,0.005,1.0025138300345044,4.999998521033908
165,RC,short,5.00002087262652,4.9874842090716855,4.974999873559199,0.3526683907374885,0.095,0.0,-14.035847833959965,195.00502465631084,900.7368421052631,992524.9497986864,176.8964985404177,304.7006122197058,0.04210918063668379,4974.999747147884,0.005,1.0025136247112385,4.999998645120371
166,RC,short,5.000020990124671,4.987484196954925,4.974999861473142,0.3526683898754148,0.095,0.0,-14.035847834601078,195.00502466824827,900.7368421052631,992524.94492192,176.8964314999745,304.7005198544996,0.0421091798035623,4974.999722975022,0.005,1.0025136507053798,4.999999105057384
167,RC,short,5.0000210152655775,4.9874841734792446,4.974999838056067,0.35266838821766194,0.095,0.0,-14.035847834330967,195.0050246632189,900.7368421052631,992524.9354936536,176.89634042408895,304.7004010125838,0.042109178505346075,4974.999676141188,0.005,1.0025136604649287,4.999998468733108
168,RC,short,5.0000218127712746,4.987484140300733,4.974999804959856,0.35266838588216826,0.095,0.0,-14.035847833048418,195.00502463933788,900.7368421052631,992524.9221601799,176.8962302729995,304.7002157601559,0.04210917654459549,4974.999609950268,0.005,1.002513827035405,4.999998944626667
169,RC,short,5.000023692841056,4.987484335309583,4.974999999479038,0.3526683996930292,0.095,0.0,-14.035847830423887,195.00502459046913,900.7368421052631,992524.9998505142,176.89671785348915,304.7007091572436,0.04210917771594292,4974.999998991694,0.005,1.0025141647950049,5.000001068714586
170,RC,short,5.000024826766024,4.987484347925132,4.975000012060703,0.3526684006175964,0.095,0.0,-14.035847826482994,195.00502451709002,890.2631578947368,992525.0048067613,176.89664652321753,304.7005808524614,0.04210917673519728,4975.000024159635,0.005,1.0025143896132946,5.000000980486616
171,RC,short,5.000026917142856,4.9874843623248015,4.975000026421419,0.3526684016768494,0.095,0.0,-14.03584782150827,195.00502442446083,890.2631578947368,992525.0104232528,176.8965864618218,304.7004568560957,0.04210917499199086,4975.000052886886,0.005,1.0025148058433626,5.000001324456237
172,RC,short,5.000027789525159,4.987484381922976,4.975000045967026,0.35266840311219017,0.095,0.0,-14.03584781550351,195.00502431265255,890.2631578947368,992525.018127439,176.89662217850042,304.70043698600387,0.042109173537544994,4975.000091985122,0.005,1.0025149768183028,5.000001907710171
173,RC,short,5.0000318215069,4.987484404357427,4.975000068341333,0.35266840475479494,0.095,0.0,-14.035847808685554,195.00502418570267,890.2631578947368,992525.0269852891,176.8966668709636,304.70041645779645,0.04210917246527957,4975.000136741712,0.005,1.00251578072876,5.00000190088811
174,RC,short,5.000033732492441,4.987484435873405,4.97500009977417,0.3526684070432983,0.095,0.0,-14.03584780141456,195.00502405031713,890.2631578947368,992525.039474936,176.89671037226665,304.70043913640814,0.04210917165859722,4975.000199615892,0.005,1.0025161575500412,5.000001404074479
175,RC,short,5.0000345975582,4.987484464183761,4.975000128008914,0.3526684091121075,0.095,0.0,-14.035847793297824,195.005023899184,890.2631578947368,992525.0506756133,176.896777999511,304.7004936063853,0.04210917065263688,4975.000256094876,0.005,1.0025163253067881,5.000001691256351
176,RC,short,5.000035861717403,4.987484496537928,4.975000160277045,0.35266841147113315,0.095,0.0,-14.035847784662838,195.00502373840084,890.2631578947368,992525.0635373103,176.89686499522307,304.70056398727485,0.042109170440246535,4975.000320641239,0.005,1.0025165722696856,5.000002542095314
177,RC,short,5.000040868328104,4.9874845597282995,4.975000223304604,0.35266841600479887,0.095,0.0,-14.035847776731913,195.00502359072757,890.2631578947368,992525.0886671857,176.89698687258047,304.70069568920525,0.04210917015471313,4975.000446705638,0.005,1.0025175634028405,5.0000020129413985
178,RC,short,5.000040695445488,4.987484593847307,4.975000257334576,0.35266841846859953,0.095,0.0,-14.035847770523299,195.00502347512338,890.2631578947368,992525.1022908662,176.89712229020495,304.700871281808,0.042109170857080436,4975.000514772847,0.005,1.002517521881405,5.000001719796137
179,RC,short,5.000038965850099,4.987484610915845,4.975000274361833,0.35266841965514834,0.095,0.0,-14.03584777299342,195.00502352111693,890.2631578947368,992525.109247046,176.8972658725738,304.70107103249,0.04210917335545432,4975.000548824477,0.005,1.0025171716634027,5.000002661502904
180,RC,short,5.000040718285013,4.987484664953616,4.975000328267358,0.3526684234336397,0.095,0.0,-14.0358477781516,195.00502361716207,890.2631578947368,992525.1309592662,176.8974080053093,304.70132696252466,0.04210917648992123,4975.000656629497,0.005,1.0025175121679324,5.00000188951386
181,RC,short,5.000037922934498,4.987484343780265,4.975000007901387,0.35266840067472355,0.095,0.0,-14.03584778403396,195.0050237266913,890.2631578947368,992525.0030228283,176.89662124788688,304.7005397031635,0.04210917482556072,4975.000015890652,0.005,1.0025170162528707,4.999998293740061
182,RC,short,5.000035908580331,4.9874843177690895,4.974999981958994,0.35266839878364964,0.095,0.0,-14.035847790313323,195.00502384361266,900.7368421052631,992524.9927953907,176.89671994003766,304.7007195500908,0.04210917672538608,4974.99996399852,0.005,1.0025166175994829,4.999998547320156
183,RC,short,5.000036595748152,4.987484313201392,4.974999977406899,0.352668398401841,0.095,0.0,-14.035847797443283,195.00502397637206,900.7368421052631,992524.9911128858,176.89680779042826,304.7008832293803,0.04210917877819341,4974.999954885992,0.005,1.002516756296062,4.999998546521882
184,RC,short,5.000033473849037,4.9874843095524115,4.97499997377199,0.3526683980741769,0.095,0.0,-14.035847805884552,195.0050241335481,900.7368421052631,992524.9897501982,176.8967817582676,304.70092428935305,0.04210918012131296,4974.999947606299,0.005,1.0025161310828767,4.999998086823623
185,RC,short,5.000028433748481,4.9874842677728,4.97499993210269,0.35266839503902336,0.095,0.0,-14.035847815688994,195.0050243161063,900.7368421052631,992524.9731763267,176.89670607557213,304.7008851935276,0.042109180922839336,4974.999864256235,0.005,1.0025151289311802,4.999998321549573
186,RC,short,5.000026130401492,4.987484262775602,4.974999927121417,0.35266839463749444,0.095,0.0,-14.035847821528096,195.00502442483003,900.7368421052631,992524.9711847116,176.8966797480494,304.70085009097176,0.042109180858835076,4974.99985428686,0.005,1.0025146681102328,4.999998901259136
187,RC,short,5.000027474175985,4.987484262444986,4.974999926792574,0.35266839460077587,0.095,0.0,-14.03584782314508,195.00502445493828,900.7368421052631,992524.9710797556,176.89665557103922,304.7008178134353,0.042109181260571116,4974.999853627281,0.005,1.0025149376060085,4.999999072197691
188,RC,short,5.0000275030945085,4.987484251844213,4.974999916219849,0.3526683938298554,0.095,0.0,-14.035847825730787,195.00502450308394,900.7368421052631,992524.9668490847,176.8966071725456,304.70076046702894,0.04210918107403898,4974.999832478807,0.005,1.0025149455350475,4.999998730530292
189,RC,short,5.000024635166585,4.987484243332476,4.974999907731761,0.3526683931949408,0.095,0.0,-14.035847829736017,195.0050245776611,900.7368421052631,992524.9634471419,176.89657048044933,304.700707299672,0.042109180841663804,4974.999815497945,0.005,1.0025143722209997,4.999998504315931
190,RC,short,5.000021647895848,4.987484226550521,4.9749998909948685,0.35266839196516514,0.095,0.0,-14.035847834961602,195.00502467496116,900.7368421052631,992524.9567886363,176.89653610601735,304.7006480997887,0.042109181144116506,4974.999782018049,0.005,1.0025137766408534,4.999998906734154
191,RC,short,5.00001964868594,4.987484220000876,4.974999884465469,0.35266839144773093,0.095,0.0,-14.0358478415438,195.0050247975214,900.7368421052631,992524.954107422,176.89649615740734,304.7005668743284,0.042109179981281296,4974.999768951551,0.005,1.0025133771120105,4.999999332180813
192,RC,short,5.000014941405597,4.987484246827615,4.974999911229734,0.3526683932786718,0.095,0.0,-14.035847849543106,195.00502494646798,900.7368421052631,992524.9646899287,176.89648435737655,304.70050575920646,0.042109178502214864,4974.999822470723,0.005,1.0025124279010913,4.999999171772018
193,RC,short,5.0000074144511855,4.987484268109533,4.974999932462311,0.35266839472807854,0.095,0.0,-14.0358478562644,195.00502507161826,900.7368421052631,992524.9730452419,176.89652044763818,304.70048486377516,0.04210917671421239,4974.999864928017,0.005,1.0025109144547537,4.999999701050122
194,RC,short,5.0000009972219495,4.987484335185317,4.974999999371859,0.35266839944759126,0.095,0.0,-14.035847859108145,195.0050251245685,890.2631578947368,992524.9997480137,176.89667066350464,304.7006365779738,0.04210917679922033,4974.999998743785,0.005,1.0025096143056191,4.999999952122404
195,RC,short,5.000013978388063,4.987484333332191,4.9749999975184735,0.3526683993856618,0.095,0.0,-14.035847850731836,195.0050249686022,900.7368421052631,992524.99905816,176.8967419187724,304.70077588202514,0.04210917756102934,4974.99999504681,0.005,1.0025122174263554,4.99999936412461
196,RC,short,5.000026728136161,4.98748428617078,4.974999950459867,0.35266839626592184,0.095,0.0,-14.035847824662746,195.00502448319705,900.7368421052631,992524.9804708307,176.89674490186948,304.7009070312872,0.04210918046253596,4974.9999009600915,0.005,1.0025147832545878,4.999998493409119
197,RC,short,5.000041971465251,4.987484222844531,4.974999887270733,0.35266839208994116,0.095,0.0,-14.035847788074408,195.0050238019242,900.7368421052631,992524.9555725093,176.89665004352443,304.7009002726959,0.04210918527436769,4974.999774624623,0.005,1.002517852299803,4.999998513525133
198,RC,short,5.000039719683,4.987484225903086,4.97499989032584,0.35266839224685975,0.095,0.0,-14.035847795268642,195.0050239358804,900.7368421052631,992524.9567312131,176.89665964608156,304.7008951095278,0.042109184350947654,4974.999780726421,0.005,1.0025174001984218,4.999998608982386
199,RC,short,5.00003759313577,4.987484242225444,4.974999906611966,0.3526683933357751,0.095,0.0,-14.035847803177491,195.00502408314273,900.7368421052631,992524.9631285551,176.89666577227229,304.7008867748309,0.04210918280435395,4974.999813289423,0.005,1.002516970540788,4.99999874897788
200,RC,short,5.000033553963429,4.987484248280015,4.974999912656761,0.35266839368801706,0.095,0.0,-14.035847812374945,195.0050242543988,900.7368421052631,992524.9654921906,176.89666499725044,304.70086460384397,0.0421091820659827,4974.9998253682525,0.005,1.002516159462106,4.999998828578846
201,RC,short,5.00002951234857,4.987484255498619,4.974999919863877,0.3526683941056082,0.095,0.0,-14.03584782362814,195.0050244639328,900.7368421052631,992524.9683663112,176.89667400297475,304.7008430250228,0.04210918204517081,4974.999839769322,0.005,1.0025153476597186,4.999998984443534
202,RC,short,5.000024581981166,4.987484267038144,4.974999931380575,0.35266839483612655,0.095,0.0,-14.03584783398537,195.00502465678386,900.7368421052631,992524.9728940064,176.89667018786122,304.70080998343315,0.04210918101144595,4974.9998627906025,0.005,1.002514356792241,4.999999162738424
203,RC,short,5.0000226308912685,4.987484274395159,4.974999938721847,0.3526683953186327,0.095,0.0,-14.035847838556565,195.00502474189926,900.7368421052631,992524.97580467,176.89667306258028,304.7007938704508,0.042109180728069656,4974.9998774678015,0.005,1.0025139641162337,4.999999274299417
204,RLC,normal,5.0,4.955627755536905,4.934870842359892,0.4530962598321807,0.0019095477386934674,0.003341708542713568,-8.779050273784378,82.61070610015697,52.368421052631575,978228.1279455306,137.831504867883,254.57860629401395,0.06415768047415346,4911.649290289548,0.005,1.008953909908491,5.0
205,RLC,normal,5.004499204085128,4.958243689551551,4.935084966525714,0.47866152775178217,0.0014321608040201005,0.0023869346733668344,-8.54057958062727,75.92066782070225,52.368421052631575,978788.2978074086,134.57644319230633,246.36957494510295,0.07047834912786158,4916.836096995556,0.005,1.009329011930384,5.0
206,RLC,normal,5.20982984978361,4.960874422854863,4.935105346480661,0.5049854042183384,0.0019095477386934674,0.003819095477386935,-8.154645108695991,68.52226240952582,83.78947368421052,979314.0388932467,132.45813585236215,241.83413473624913,0.07708696979419395,4922.055007867113,0.005,1.0501837792510538,5.0
207,RLC,normal,5.480960954835982,4.963506769780779,4.935110669315224,0.5301717978831748,0.0019095477386934674,0.004773869346733669,-7.700753495035018,61.46004752108476,125.68421052631578,979837.5237352477,130.86373432456142,238.96932478097256,0.08349958352205682,4927.279890731926,0.005,1.104251733513412,5.0
208,RLC,normal,5.702148554510982,4.966151739375111,4.935125796803693,0.5542530723605985,0.0019095477386934672,0.007160804020100503,-7.230009438012604,55.12147766597663,136.15789473684208,980365.7606073988,129.55799920330614,236.9319855144781,0.08971594905271767,4932.532619699689,0.015,1.1482026433667694,5.0
209,RLC,normal,5.909505335515982,4.968782112972069,4.93511218429199,0.5774629119206875,0.0019095477386934672,0.008592964824120603,-6.771500083323873,49.59741678421889,125.68421052631578,980885.708545256,128.4237439228288,235.32272254436182,0.09579316589775125,4937.759137238236,0.015,1.1893267205434415,5.0
210,RLC,normal,6.068723560916093,4.971415972885534,4.935111842894499,0.5997064895295737,0.0023869346733668344,0.009547738693467337,-6.338228362514282,44.82694703401294,125.68421052631578,981409.254672978,127.43163530807402,234.03863095328384,0.10169231012378184,4942.9953550922855,0.015,1.2207233500506405,5.0
211,RLC,normal,6.2251821323661165,4.974049139890473,4.935114242486958,0.6211378749098663,0.0023869346733668344,0.010025125628140704,-5.934928405845363,40.70673006869496,115.21052631578947,981933.4854978003,126.54332569856135,232.96790512610525,0.10744543562606716,4948.232969209032,0.015,1.2515320933285337,5.0
212,RLC,normal,6.349226751964031,4.97668044068724,4.9351160035597035,0.6418553108978915,0.0023869346733668344,0.013366834170854273,-5.562806202377839,37.138400905075976,115.21052631578947,982457.4975260084,125.73578407050834,232.0475818983385,0.11307085477791687,4953.469641743787,0.015,1.2757955483851107,5.0
213,RLC,normal,6.466377958275243,4.979310135145929,4.9351173638650545,0.6619259980123141,0.002864321608040201,0.014798994974874373,-5.220962570762882,34.03389667884208,104.73684210526315,982981.3883610272,124.99447142957237,231.2414459294396,0.11857902928196389,4958.705884393393,0.015,1.2986493676368949,5.0
214,RLC,normal,6.573455620185205,4.981938308258497,4.935118398651271,0.6814071459760743,0.002864321608040201,0.015753768844221108,-4.907556096608529,31.31875448717387,104.73684210526315,983505.1889420241,124.30869623828633,230.52480243659164,0.12397867657849608,4963.941861458708,0.015,1.3194574507854642,5.0
215,RLC,normal,6.654855450707873,4.984565142406201,4.935119294586741,0.70034791860091,0.002864321608040201,0.01670854271356784,-4.620366126458129,28.931244887814344,104.73684210526315,984028.9718088501,123.67030627577127,229.88009764793685,0.12927717475537198,4969.177931778191,0.015,1.3350924826103028,5.0
216,RLC,normal,6.754612308573552,4.987190530870293,4.935119965428352,0.7187908722519837,0.0033417085427135678,0.017663316582914573,-4.357088381022103,26.820556598618268,94.26315789473684,984552.698131755,123.07292750237018,229.2944562146397,0.1344808515098417,4974.413878240462,0.025,1.3543922709114613,5.0
217,RLC,normal,6.822972489310503,4.989814610787614,4.935120571009728,0.7367732348736361,0.0033417085427135678,0.018140703517587942,-4.115490410535852,24.94491805237087,94.26315789473684,985076.4262687803,122.51144009318355,228.75812252519773,0.1395952095142005,4979.64997000591,0.025,1.3673799572753136,5.0
218,RLC,normal,6.8995721275537365,4.992437294768744,4.935121044998038,0.7543277891045356,0.002864321608040201,0.02291457286432161,-3.893483890091486,23.269911742154164,94.26315789473684,985600.1252317555,121.98167778707662,228.26357103143255,0.14462510306548734,4984.886028439571,0.025,1.3820047644430822,4.99999985
219,RLC,normal,6.971303776952963,4.995058601287406,4.935121423852125,0.7714836110579879,0.003341708542713568,0.023869346733668344,-3.689156760933263,21.76708278326263,83.78947368421052,986123.8054139877,121.48019007918282,227.8048714455312,0.14957483079360398,4990.122086059058,0.025,1.3956400381681624,5.0000007
220,RLC,normal,7.020220884772674,4.99767866223539,4.935121862619382,0.7882665869229308,0.003341708542713568,0.024824120603015077,-3.5007784215657023,20.412801170352342,83.78947368421052,986647.523326891,121.00401822675398,227.3771931192095,0.1544481817851028,4995.3584021925835,0.025,1.4046963318831367,5.000001897989949
221,RLC,normal,7.088795309360968,5.000297395569694,4.935122279172954,0.8047000271851741,0.003341708542713568,0.02577889447236181,-3.3267931197122924,19.187335672459813,83.78947368421052,987171.2459695777,120.55084337612529,226.97678084308959,0.15924875890909632,5000.594808828214,0.025,1.4176747398348148,4.999999392315185
222,RLC,normal,7.145542009240328,5.002914531257799,4.935122422082084,0.820804779550604,0.003341708542713568,0.026733668341708546,-3.165809069107437,18.074135526285726,83.78947368421052,987694.8692544797,120.11862968109686,226.60048747949415,0.1639799201485222,5005.830761414089,0.025,1.4282758509256093,4.99999050863815
223,RLC,normal,7.18493967592059,5.005529971282821,4.9351221946987405,0.8365997948855236,0.0038190954773869353,0.027688442211055278,-3.0165838708375015,17.059239659084792,83.78947368421052,988218.3539101125,119.70530086379406,226.24543858869586,0.16864442048111075,5011.066058682121,0.025,1.4354003905962485,4.9999849887537815
224,RLC,normal,7.241904211438691,5.008144085075934,4.935121977452692,0.85210225005248,0.0038190954773869353,0.028165829145728644,-2.878011631049115,16.130818858371363,73.3157894736842,988741.8485114282,119.3087947929209,225.90899464157226,0.1732441532777715,5016.301435376212,0.025,1.4460255312979657,5.00000173248849
225,RLC,normal,7.29079104450115,5.010757986666276,4.935122880882175,0.8673279377104719,0.0038190954773869353,0.03341708542713568,-2.7491080158286185,15.278795326226664,73.3157894736842,989265.7950987633,118.92782343757814,225.5893811032139,0.17778101038828412,5021.539120187974,0.025,1.4550275754490811,5.000048149469322
226,RLC,normal,7.325929761330059,5.013372107184806,4.935125353611263,0.8822911249932942,0.0038190954773869353,0.03484924623115578,-2.62899538995951,14.49454401909232,73.3157894736842,989790.368778097,118.56217399859482,225.2857798986143,0.1822581050835147,5026.779977019725,0.025,1.4612778793800405,5.0000957414572875
227,RLC,normal,7.368356448617226,5.015985009106174,4.935127943505062,0.8970049012203751,0.004296482412060302,0.036281407035175885,-2.5168838928429476,13.770629548803914,73.3157894736842,990314.9945884293,118.21204992158563,224.9977640150112,0.18667990438871784,5032.021122315574,0.025,1.4689749740560398,5.000083377515218
228,RLC,normal,7.413390771758414,5.0185936622308125,4.935127617167348,0.9114810743265134,0.004296482412060302,0.03723618090452262,-2.4120639507036574,13.10062424047523,73.3157894736842,990838.4650578987,117.87655393351294,224.7240593870735,0.1910502687999447,5037.256469316655,0.025,1.477184898939017,4.999958835780424
229,RLC,normal,7.447160800459926,5.021195550661567,4.935121845086492,0.9257305937115899,0.004296482412060302,0.03819095477386935,-2.3139014449738773,12.4789544715235,73.3157894736842,991359.7740920285,117.5529100843881,224.4619904949725,0.19537008340473877,5042.480951596703,0.035,1.4831449453265622,4.999733033340155
230,RLC,normal,7.4733932749604435,5.023791556761253,4.935111501276257,0.939763840417612,0.004296482412060302,0.03866834170854271,-2.2218364486834186,11.90078206875378,73.3157894736842,991879.2691194994,117.23722492265148,224.20816241789728,0.19963645003308098,5047.696321157132,0.035,1.4876001901198312,4.999506282566174
231,RLC,normal,7.516897280995405,5.02638695857149,4.93510188877973,0.95359069031754,0.004773869346733669,0.03962311557788945,-2.135377913594004,11.36189525911115,62.84210526315789,992399.0561376453,116.92635927576565,223.95992084164183,0.20384463012334786,5052.9131714595105,0.035,1.4954871845226423,4.999441244562473
232,RLC,normal,7.550923368397353,5.0289893227002045,4.935100611788661,0.967220532947812,0.004773869346733669,0.040577889447236185,-2.0540919507466153,10.8586056762045,62.84210526315789,992922.1580984154,116.61990425390947,223.71687215976578,0.2079919364836868,5058.1467215665325,0.035,1.5014793000878857,4.999688021970188
233,RLC,normal,7.576302770750319,5.031604736233682,4.935113823318903,0.9806619053353204,0.004773869346733669,0.04153266331658292,-1.977585868692409,10.387658718718038,62.84210526315789,993451.0172559497,116.32091170185409,223.48140105431432,0.21208118362059328,5063.409244337843,0.035,1.5057428331346683,5.000298296879703
234,RLC,normal,7.603729737448757,5.034234077529288,4.935142416078568,0.9939225726279484,0.004296482412060302,0.04201005025125629,-1.9054909333364642,9.946149245683767,62.84210526315789,993985.9912946358,116.03482127062468,223.25773705578388,0.2161217927956451,5068.7025494714335,0.035,1.5104044866305721,5.001170665361532
235,RLC,normal,7.638931760561336,5.036870922207927,4.935179952531061,1.0070091971373714,0.004296482412060302,0.049170854271356784,-1.8374560671560178,9.531472448127928,62.84210526315789,994524.5200213025,115.76705410274661,223.04990781193234,0.22012756797000305,5074.013737396747,0.035,1.5166026444872223,5.002052105592577
236,RLC,normal,7.666634836105039,5.039502501568287,4.9352135594005695,1.0199277358821988,0.004773869346733669,0.050125628140703524,-1.773144169869844,9.14128399489065,62.84210526315789,995061.4910780628,115.52048787894141,222.8598969063334,0.2241122400204025,5079.317092662605,0.035,1.5213078738862003,5.002599326900414
237,RLC,normal,7.687451454359982,5.0421135884278785,4.935227886002488,1.0326834712691386,0.004773869346733669,0.051080402010050256,-1.712241041312927,8.773488633881822,62.84210526315789,995590.8011680809,115.29362800239583,222.6860771246117,0.22808427430872624,5084.581887721812,0.035,1.5246486060931672,5.002481355466338
238,RLC,normal,7.712119583338694,5.04469136073779,4.93520996236718,1.0452815661123205,0.004773869346733669,0.05203517587939699,-1.6544651932157317,8.426223924677016,62.84210526315789,996107.2957100996,115.08035155641633,222.5232177416742,0.23204325851934338,5089.782185020498,0.035,1.5287594486673988,5.001483894104574
239,RLC,normal,7.742403012466106,5.0472298678773235,4.935153765091733,1.0577271170268063,0.004773869346733669,0.05298994974874372,-1.5995757482077824,8.09785022734428,62.84210526315789,996608.5732585979,114.87113304040444,222.36346923058613,0.23597879482570847,5094.905867838588,0.035,1.5339905681217312,4.999590402550009
240,RLC,normal,7.766566838852301,5.0497332031772295,4.93506337141996,1.0700256741497454,0.004773869346733669,0.053944723618090454,-1.5473775839807378,7.786922848815546,62.84210526315789,997096.2528259302,114.65538945793864,222.19829258063632,0.23987254147367623,5099.961084654113,0.035,1.5380152824639672,4.997012520529562
241,RLC,normal,7.785071541203447,5.052215483853063,4.934952989034025,1.0821831135758782,0.005251256281407035,0.054899497487437186,-1.4977183816759354,7.49217059159195,62.84210526315789,997575.9808944475,114.42404727262432,222.02051602304624,0.24370242066411255,5104.976259056928,0.035,1.5409223074678073,4.994166472684466
242,RLC,normal,7.804173301752407,5.054698312803861,4.934844403728406,1.0942055311743886,0.005251256281407035,0.055854271356783926,-1.450479581664274,7.212459180171486,52.368421052631575,998056.4191427144,114.17190442460681,221.82620633868905,0.2474480507372917,5109.995006692439,0.035,1.543944429281557,4.991603454128694
243,RLC,normal,7.831625514054443,5.057206944711898,4.934763125723845,1.1060989895296292,0.005251256281407035,0.05633165829145729,-1.4055645363955553,6.94676980700757,52.368421052631575,998547.7118392045,113.89883193429473,221.61550586509102,0.25109582150402887,5115.0684163284495,0.035,1.548606889074143,4.989910719838358
244,RLC,normal,7.853954679411878,5.059765396713446,4.934733521364221,1.1178689292144446,0.005251256281407035,0.06396984924623116,-1.3628861628448121,6.694177690787637,52.368421052631575,999059.5373486569,113.61019067298419,221.3930009128329,0.254642516146881,5120.245173955754,0.035,1.5522369247620431,4.989606590719683
245,RLC,normal,7.8715155479058225,5.062391147443256,4.934773426519226,1.1295199682305472,0.005251256281407035,0.06587939698492462,-1.322352505905997,6.45382617213393,52.368421052631575,999598.9716538761,113.31589000589055,221.16688873100904,0.25809696345783373,5125.560825942368,0.035,1.5549007017921375,4.991046525530977
246,RLC,normal,7.884642769479802,5.065092169378239,4.93489112697206,1.141055760788747,0.005728643216080402,0.06683417085427136,-1.2838579453061758,6.224912319387544,52.368421052631575,1000169.2882448358,113.02884375853345,220.94771964939991,0.26147930106162637,5131.031736859351,0.035,1.5566632364851267,4.994359349230039
247,RLC,normal,7.909051299559501,5.067864912410506,4.935083250510176,1.152479102186009,0.005728643216080402,0.06826633165829146,-1.247278187372662,6.006669911923064,52.368421052631575,1000769.1285630969,112.76286786871833,220.74668777770788,0.26481834517064917,5136.650954088311,0.045,1.5606278849681487,4.999418534274312
248,RLC,normal,7.930615470624032,5.070694180573419,4.935334512421278,1.1637923884458747,0.005728643216080402,0.06922110552763819,-1.2124674180274218,5.798358913487354,52.368421052631575,1001392.4198127473,112.53056286003192,220.57390538070328,0.26814769475110195,5142.387894580226,0.045,1.5640098156594406,5.005849439342495
249,RLC,normal,7.94807686706635,5.0735552071551275,4.935619808526196,1.1749976790337668,0.005728643216080402,0.07017587939698493,-1.1792644131062349,5.599267145772643,52.368421052631575,1002029.2014490885,112.34151278602415,220.43696391581912,0.2715010338457102,5148.1924880101815,0.045,1.5665695045275836,5.013071681920944
250,RLC,normal,7.9617003060423555,5.076416311615681,4.935906894206202,1.1860968343965246,0.005728643216080402,0.07065326633165829,-1.147500045627162,5.408721466548267,52.368421052631575,1002666.686919064,112.2008511117084,220.33972838833478,0.27490770616312554,5154.000513767552,0.045,1.5683702472991956,5.020361845237952
251,RLC,normal,7.976141910107336,5.079242846513764,4.936160424322853,1.1970915417001573,0.005728643216080402,0.07113065326633167,-1.1170052289052996,5.226098361412008,52.368421052631575,1003290.8582949326,112.10862787674903,220.28185561161496,0.27838893047258134,5159.7415787722475,0.045,1.5703407281622526,5.026933301707134
252,RLC,normal,7.997621776027384,5.082000837219041,4.936345746284656,1.2079831052760726,0.006206030150753769,0.07160804020100503,-1.0876234163779153,5.050840083515512,52.368421052631575,1003887.9538123213,112.05978477043567,220.2588060871779,0.2819551958312041,5165.346501899006,0.045,1.5737151630230393,5.032015752624883
253,RLC,normal,8.01551256164164,5.084660699739778,4.936432778758575,1.218772272525141,0.006206030150753769,0.07208542713567839,-1.0592182469527396,4.88246206908841,52.368421052631575,1004445.9917417911,112.04485028640259,220.26251860997647,0.2856049593339015,5170.754886295641,0.045,1.5764105089749365,5.034930815387651
254,RLC,normal,8.02317879932904,5.085946717565081,4.936432217556579,1.2241286596516172,0.006206030150753769,0.08115577889447237,-1.0453461502979928,4.800721873260444,52.368421052631575,1004707.4806181757,112.04612620197787,220.27105993889745,0.28745739758356487,5173.370802782205,0.045,1.5775192397552626,5.035404634803308
255,RLC,drift,8.668076921102708,4.618477573127848,3.6461972318154494,2.834710009892768,0.06206030150753769,0.09261306532663317,0.26236320802656443,-1.3337135697294256,52.368421052631575,692511.2198149909,147.9349061557442,249.19719829228936,1.2431096638168342,4266.067018696979,0.005,1.8768255954163449,8.276136973893813
256,RLC,drift,8.662310921102703,4.615894143739228,3.644330853123576,2.8329015830377315,0.06206030150753769,0.09261306532663317,0.2620951371525707,-1.3338865861273617,52.368421052631575,691761.9425715664,147.92675335941922,249.19265063101443,1.242926080878954,4261.29574924122,0.005,1.8766268574100289,8.27080026845265
257,RLC,drift,8.6565509211027,4.613313310829648,3.6424661950691815,2.831095145284991,0.06206030150753769,0.09261306532663317,0.261827306637959,-1.3340592207710775,52.368421052631575,691013.8014717177,147.91859517363307,249.18809257167575,1.2427426608851564,4256.5319407756015,0.005,1.8764281413060853,8.265469807972575
258,RLC,drift,8.650798921102693,4.610734861888529,3.6406031441581295,2.8292904964637646,0.06206030150753769,0.09261306532663317,0.2615596258534289,-1.3342315308185986,52.368421052631575,690266.7396523565,147.91047127832184,249.1835721247795,1.2425593784276,4251.775193326847,0.005,1.8762299677234915,8.26014485470442
259,RLC,drift,8.645051921428712,4.608158957095761,3.638741779176264,2.827487796320092,0.06206030150753769,0.09261306532663317,0.26129210990878776,-1.3344035856340442,52.368421052631575,689520.7969550051,147.90233000596012,249.17902839702793,1.242376218079754,4247.025794772379,0.005,1.876031621721043,8.254825797179574
260,RLC,drift,8.639312921102686,4.605585543317244,3.6368820793239895,2.8256869851249995,0.06206030150753769,0.09261306532663317,0.2610248120225444,-1.3345752228556116,52.368421052631575,688775.9593867373,147.89421185828311,249.17449871689547,1.2421932350529543,4242.283639362559,0.005,1.875833776150011,8.249512729535466
261,RLC,drift,8.633578921754724,4.603014606018353,3.6350240149433226,2.823888077456969,0.06206030150753769,0.09261306532663317,0.26075771269872267,-1.3347465956852738,52.368421052631575,688032.2188553303,147.8860824589602,249.1699604125538,1.24201037309848,4237.548692643659,0.005,1.8756357867008473,8.24420541487916
262,RLC,drift,8.627851921754722,4.600446159851983,3.633167644851087,2.82209102158383,0.06206030150753769,0.09261306532663317,0.2604907457806248,-1.334917660541344,52.368421052631575,687289.5855141823,147.87796792683005,249.16543243630946,1.2418276321900898,4232.820973939372,0.005,1.8754380818647205,8.238903845416411
263,RLC,drift,8.622131922080738,4.5978802225437905,3.631312921831319,2.820295907276438,0.06206030150753769,0.09261306532663317,0.26022399869365814,-1.3350883576099688,52.368421052631575,686548.0545197614,147.86986198362564,249.16090657416976,1.2416450746764445,4228.100508171868,0.005,1.8752406554232766,8.233608299513543
264,RLC,drift,8.61641992142869,4.595316706666316,3.629459789350124,2.818502664901544,0.06206030150753769,0.09261306532663317,0.25995748157126924,-1.3352587469437003,52.368421052631575,685807.6005774718,147.8617915969119,249.1564181163749,1.2414626765161796,4223.3871269133115,0.005,1.8750437611686386,8.228318434993133
265,RLC,drift,8.61071192208073,4.592755683093716,3.6276083583318752,2.8167112672672627,0.06206030150753769,0.09261306532663317,0.2596910728641637,-1.3354288349555705,52.368421052631575,685068.2515549489,147.85368350272566,249.1518774491716,1.2412803746038754,4218.680952917925,0.005,1.874846500931329,8.223034360952106
266,RLC,drift,8.605011922080726,4.590197135114542,3.625758578421379,2.814921752059464,0.06206030150753769,0.09261306532663317,0.2594248538258899,-1.3355986177023043,52.368421052631575,684329.9960834928,147.8456138175367,249.14738755220546,1.2410982132917454,4213.981947842749,0.005,1.8746497522411965,8.217755955447187
267,RLC,drift,8.5993189217547,4.587641053694059,3.623910428892371,2.813134131338967,0.06206030150753769,0.09261306532663317,0.2591588175911854,-1.3357681136163062,52.368421052631575,683592.828242248,147.83755048961578,249.14288599561573,1.2409162078480984,4209.290087507827,0.005,1.8744533020582244,8.212483331759334
268,RLC,drift,8.593630922080717,4.585087424846718,3.622063919588243,2.8113483697159554,0.06206030150753769,0.09261306532663317,0.258892991394178,-1.3359372030649543,52.368421052631575,682856.745921753,147.82947696980185,249.1383779213297,1.2407343501128998,4204.605338697503,0.005,1.874256720932209,8.207216656068097
269,RLC,drift,8.587950922080713,4.582536285976181,3.620219067585385,2.809564506285552,0.06206030150753769,0.09261306532663317,0.2586273590079428,-1.3361059834625861,52.368421052631575,682121.7572345865,147.82142900265487,249.1338864156645,1.2405526530135482,4199.927762457673,0.005,1.874060648109258,8.201955751166286
270,RLC,drift,8.582275922406732,4.57998761503174,3.618375867279466,2.8077825123990108,0.06206030150753769,0.09261306532663317,0.25836187117932835,-1.336274533410252,52.368421052631575,681387.8561878796,147.8133704233544,249.12938701345433,1.2403710461157675,4195.257310768826,0.005,1.8738644388991987,8.196700454002336
271,RLC,drift,8.576608922080704,4.577441325649209,3.6165342556533955,2.806002328482057,0.06206030150753769,0.09261306532663317,0.2580965875890711,-1.3364426987921985,52.368421052631575,680655.0167927402,147.80533949867166,249.1249044957353,1.2401896162998287,4190.593817952237,0.005,1.8736687839170283,8.19145084711234
272,RLC,drift,8.5709479220807,4.5748976070757825,3.614694367798342,2.8042240892330024,0.06206030150753769,0.09261306532663317,0.2578314765839892,-1.3366105560418882,52.368421052631575,679923.2920764936,147.79730496248223,249.12041652456608,1.2400083284185666,4185.937623045544,0.005,1.8734731699403309,8.186207285901578
273,RLC,drift,8.565291922732738,4.572356219569392,3.6128560248119057,2.802447634232478,0.06206030150753769,0.09261306532663317,0.2575665617625523,-1.336778121684953,52.368421052631575,679192.6112720065,147.78926646700674,249.11593045899843,1.2398271575474737,4181.28827972698,0.005,1.873277476954625,8.180969095264066
274,RLC,drift,8.559644922406713,4.569817347338835,3.611019354755795,2.800673099027801,0.06206030150753769,0.09261306532663317,0.25730185552604523,-1.3369453109876746,52.368421052631575,678463.0253869869,147.7812681102874,249.11147695815905,1.2396461638210998,4176.646117607788,0.005,1.8730825045756578,8.175736969869558
275,RLC,drift,8.554002922406708,4.567280880893836,3.609184318665191,2.7989003552966394,0.06206030150753769,0.09261306532663317,0.2570372698503531,-1.33711224401016,52.368421052631575,677734.5077092054,147.77325559555274,249.10700272322026,1.2394652744739751,4172.010928995675,0.005,1.8728874237164614,8.17051027552949
276,RLC,drift,8.548367922406705,4.564746878409699,3.6073508885313212,2.7971295341766673,0.06206030150753769,0.09261306532663317,0.256772917058964,-1.3372788318296345,52.368421052631575,677007.0636750739,147.76525647637663,249.10253849161316,1.2392845644848733,4167.382812790219,0.005,1.8726926487071391,8.16528948178367
277,RLC,drift,8.542737922732723,4.562215280055626,3.6055190918272366,2.7953605026976986,0.06206030150753769,0.09261306532663317,0.2565087092043808,-1.3374451479290654,52.368421052631575,676280.6853195583,147.75724476070468,249.09805281325995,1.2391039538488176,4162.761652314606,0.005,1.8724977666175726,8.160074155361556
278,RLC,drift,8.53711592305874,4.559686166858091,3.603688927890553,2.7935933940421727,0.06206030150753769,0.09261306532663317,0.25624473653302327,-1.3376110898371365,52.368421052631575,675555.3861487446,147.74925979342459,249.09358927627784,1.2389235338654472,4158.147588047406,0.005,1.8723034021750113,8.154864862534948
279,RLC,drift,8.531499922732714,4.557159487032628,3.6018604204422915,2.7918280931860338,0.06206030150753769,0.09261306532663317,0.2559808884523742,-1.3377767949479853,52.368421052631575,674831.1590885826,147.74128436708872,249.08914457927204,1.2387431978093517,4153.540518050297,0.005,1.8721091388197075,8.149660985241514
280,RLC,drift,8.525889923384755,4.554635106183848,3.60003341746298,2.7900645769645136,0.06206030150753769,0.09261306532663317,0.25571727181553994,-1.3379421007080452,52.368421052631575,674107.9566401648,147.7333067095922,249.08468430980048,1.2385630541928405,4148.94019009647,0.005,1.8719150326244833,8.144462809301869
281,RLC,drift,8.520286923058727,4.552113257948802,3.5982081358456472,2.7883029470140888,0.06206030150753769,0.09261306532663317,0.2554538080067081,-1.3381071246863803,52.368421052631575,673385.8515250849,147.72534542387194,249.08023947241273,1.238383018812819,4144.347022638653,0.005,1.8717212073273408,8.139270344003048
282,RLC,drift,8.514689923384745,4.549593879322438,3.5963844934993374,2.7865432064989952,0.06206030150753769,0.09261306532663317,0.25519051888454664,-1.338271857801235,52.368421052631575,672664.8193565948,147.7173860848322,249.07579555309462,1.238203131184533,4139.7608933536385,0.005,1.8715274701953883,8.134083640358721
283,RLC,drift,8.50909992305872,4.547076852262596,3.5945624125937736,2.784785263238505,0.06206030150753769,0.09261306532663317,0.25492741775568417,-1.338436318295186,52.368421052631575,671944.8263050688,147.70944462563477,249.0713651579945,1.2380233781679773,4135.181580076463,0.005,1.8713340899053965,8.12890239035184
284,RLC,drift,8.50351492371076,4.544562226434841,3.5927419486916454,2.7830291266980582,0.06206030150753769,0.09261306532663317,0.2546645018104958,-1.3386004008413273,52.368421052631575,671225.8883644448,147.70148787058662,249.0669128023892,1.2378437627216943,4130.60916598768,0.005,1.8711406071738783,8.123726905228478
285,RLC,drift,8.497937923710754,4.542050024469664,3.5909230903583533,2.7812748486829,0.06206030150753769,0.09261306532663317,0.25440179765898163,-1.338764167035943,52.368421052631575,670508.0069720905,147.69356412989913,249.06249032384656,1.237664312103579,4126.043684956975,0.005,1.8709476729514851,8.118557049394992
286,RLC,drift,8.49236692338473,4.5395402725796705,3.5891058809203837,2.7795224161563126,0.06206030150753769,0.09261306532663317,0.25413925102784946,-1.3389276267362598,52.368421052631575,669791.1919807527,147.68564073695825,249.0580646500575,1.2374849976984565,4121.485177274542,0.005,1.8707548371542033,8.113392864359719
287,RLC,drift,8.486800923710748,4.537032873476803,3.5872902303433523,2.7777717865750446,0.06206030150753769,0.09261306532663317,0.25387689023304116,-1.3390908032695272,52.368421052631575,669075.4117377073,147.67770943660167,249.0536318548297,1.2373058060344162,4116.933459001835,0.005,1.8705619201756352,8.108234241945858
288,RLC,drift,8.481242923710742,4.534527904826556,3.5854762085416407,2.776022996596493,0.06206030150753769,0.09261306532663317,0.2536147180612422,-1.3392536577386358,52.368421052631575,668360.6892508524,147.66980530195548,249.0492173406682,1.237126772530114,4112.388663930143,0.005,1.8703695515211847,8.10308128244244
289,RLC,drift,8.475690923710738,4.532025353013951,3.583663803545606,2.774276039531443,0.06206030150753769,0.09261306532663317,0.2533527229866126,-1.339416195094451,52.368421052631575,667647.019326634,147.66190331323006,249.04479897655534,1.2369478792940944,4107.850760072246,0.005,1.8701772967960373,8.0979339399378
290,RLC,drift,8.470143924362779,4.529525138562912,3.581852974682942,2.7725308381744513,0.06206030150753769,0.09261306532663317,0.2530908703078247,-1.3395784466810379,52.368421052631575,666934.380653377,147.6539945470276,249.04037588836718,1.236769092067384,4103.319596174673,0.005,1.8699849686782204,8.092792039449874
291,RLC,drift,8.464604924362776,4.527027395464997,3.5800437835667616,2.770787531918603,0.06206030150753769,0.09261306532663317,0.25282924283699026,-1.3397403808877564,52.368421052631575,666222.8052135444,147.6461165235219,249.03598267885442,1.2365904695778533,4098.79540785812,0.005,1.8697931744001137,8.087655939130382
292,RLC,drift,8.45907192403675,4.524531991771004,3.5782361576080484,2.7690459990664062,0.06206030150753769,0.09261306532663317,0.2525677909580837,-1.3399019872696811,52.368421052631575,665512.2576918715,147.63823793929208,249.0315757078961,1.2364119983818536,4094.2779489118566,0.005,1.8696015277208102,8.082525367086076
293,RLC,drift,8.453544924036745,4.522038976741916,3.5764301357172856,2.7673062699141773,0.06206030150753769,0.09261306532663317,0.2523065028359063,-1.34006333054217,52.368421052631575,664802.7515078173,147.63036530161148,249.02717499746845,1.2362336396194484,4089.767301434615,0.005,1.8694100089618069,8.077400176087412
294,RLC,drift,8.448023924362763,4.519548394408841,3.5746257260285588,2.7655684059914942,0.06206030150753769,0.09261306532663317,0.2520454411695256,-1.3402242981407848,52.368421052631575,664094.2947476505,147.6224966149279,249.02278100836506,1.2360554492262315,4085.2635378807067,0.005,1.869218600427835,8.072280791084975
295,RLC,drift,8.442509924362758,4.517060176967877,3.5728229140995595,2.763832315252537,0.06206030150753769,0.09261306532663317,0.25178452190757106,-1.3403849858579282,52.368421052631575,663386.8719794564,147.61464273163764,249.0183895634061,1.2358773902345355,4080.7665284698132,0.005,1.8690275519043185,8.067167034785703
296,RLC,drift,8.437000924362755,4.514574306109727,3.571021665474441,2.762098012398958,0.06206030150753769,0.09261306532663317,0.25152379556391824,-1.3405453850979265,52.368421052631575,662680.4739691585,147.60678413351684,249.01399885983025,1.2356994462029018,4076.276233077225,0.005,1.8688364289285644,8.062058572142657
297,RLC,drift,8.431498924688773,4.512090846768107,3.569222029509491,2.760365539842989,0.06206030150753769,0.09261306532663317,0.2512632472644736,-1.3407054540054226,52.368421052631575,661975.1183607418,147.59893353449172,249.00959820576992,1.2355216696985394,4071.7927618977055,0.005,1.8686456481096865,8.056955845520129
298,RLC,drift,8.42600292501479,4.50960976621091,3.567423978900844,2.7586348794771816,0.06206030150753769,0.09261306532663317,0.251002881816753,-1.3408652371876928,52.368421052631575,661270.7943957772,147.59109382449765,249.00521534537862,1.2353440204443464,4067.316048700963,0.005,1.8684550020598645,8.051858655012774
299,RLC,drift,8.420513924688764,4.507130998639983,3.565627475918555,2.7569059726215053,0.06206030150753769,0.09261306532663317,0.25074269302006535,-1.3410247109419875,52.368421052631575,660567.4837035796,147.58327431143363,249.00085174674982,1.2351665144033914,4062.845967780291,0.005,1.8682647403036734,8.046766824815826
300,RLC,drift,8.415029925340805,4.504654648812822,3.563832585112546,2.755178907142146,0.06206030150753769,0.09261306532663317,0.25048270282646157,-1.3411838981700464,52.368421052631575,659865.2133774692,147.57543886288494,248.99645786316043,1.2349891431953701,4058.3827010141927,0.005,1.86807437670245,8.041680632079032
301,RLC,drift,8.409553925014778,4.5021806565556375,3.562039308131336,2.7534535826105704,0.06206030150753769,0.09261306532663317,0.25022286121524556,-1.341342739099471,52.368421052631575,659163.9717361504,147.56764248350197,248.99211229458652,1.2348119023951603,4053.92613285275,0.005,1.867884602269259,8.036599892442
302,RLC,drift,8.404082925014775,4.499709041812705,3.560247598886609,2.751730091341289,0.06206030150753769,0.09261306532663317,0.24996319847637466,-1.341501321383604,52.368421052631575,658463.7547626959,147.55983461229766,248.98774926470114,1.2346347997202414,4049.476292194202,0.005,1.8676947435759526,8.03152480017349
303,RLC,drift,8.398618925014771,4.497239763804171,3.5584574440007612,2.7500083840557585,0.06206030150753769,0.09261306532663317,0.2497037721390176,-1.3416595001480864,52.368421052631575,657764.5521705227,147.5520431696802,248.9833947819319,1.234457873181121,4045.033098628279,0.005,1.867505262363522,8.026455250393287
304,RLC,drift,8.39315992534079,4.4947728102273965,3.5566688534109705,2.7482884278648374,0.06206030150753769,0.09261306532663317,0.24944447702183248,-1.3418174802540381,52.368421052631575,657066.3621323674,147.54424395030298,248.97902857933514,1.2342810363297783,4040.5965231118967,0.005,1.8673157197718673,8.021390896146597
305,RLC,drift,8.392906925340789,4.4946585768756355,3.5565860193036953,2.7482088002870544,0.06206030150753769,0.09261306532663317,0.24943247603095992,-1.3418248044979724,52.368421052631575,657034.0393592855,147.54388070396487,248.97882636774747,1.234272850860404,4040.3911445363433,0.005,1.867306889230936,8.02115644714221
306,RLC,open,0.04729471,0.027377847034386973,0.023694487701128218,0.013715602823768831,0.0763819095477387,0.09261306532663317,-0.003350358279391489,-1.1999886652581886,52.368421052631575,26.219787765542918,143.0125322227861,246.87696093853887,0.9263543117337736,0.14990930164765834,0.005,1.7274809790776153,0.04504787736388737
307,RLC,open,0.002262345,0.0013081518449839697,0.0011317285733913743,0.0006560881691544883,0.0763819095477387,0.09309045226130654,-0.00020039494723178187,-1.2000011499316383,52.368421052631575,0.05984206302734082,143.09081793969247,246.9217196504599,0.928163582300404,0.00034225224990699275,0.005,1.7294207921464368,0.0021544116123662998
308,RLC,open,0.00115889,0.000670084681720764,0.0005797086882159854,0.0003360823076029427,0.0763819095477387,0.09309045226130654,-0.0001236368850184649,-1.2000013241237653,52.368421052631575,0.015701682588413486,143.0927212956055,246.92281130879988,0.928207727009103,8.980269613536351e-05,0.005,1.7294679786202454,0.0011035953242536551
309,RLC,open,0.0007789556,0.0004503976722802174,0.0003896501764002997,0.00022589998500808597,0.0763819095477387,0.09309045226130654,-9.718755254750943e-05,-1.2000013069630515,52.368421052631575,0.007093783137774179,143.0933613510242,246.92316382021417,0.9282229453955904,4.057161263908762e-05,0.005,1.7294840713905122,0.000741787686672595
310,RLC,open,0.0005866322,0.000339193278570127,0.00029344403189047953,0.00017012548420213528,0.0763819095477387,0.09309045226130654,-8.381320318839523e-05,-1.2000013233702584,52.368421052631575,0.004023273088300473,143.09370070279738,246.92336198694602,0.9282306304959724,2.301041604543035e-05,0.005,1.7294924076118328,0.000558640474893115
311,RLC,open,0.0004704729,0.0002720286748241086,0.00023533813485960528,0.00013643885886126012,0.0763819095477387,0.09309045226130654,-7.566637966703334e-05,-1.200001274326428,52.368421052631575,0.0025877007230716434,143.09390656319576,246.92348343388264,0.928235298236457,1.4799919985312125e-05,0.005,1.7294974520763435,0.0004480235767606249
312,RLC,open,0.0003927118,0.00022706658391812536,0.00019644028994733915,0.00011388786598076373,0.0763819095477387,0.09309045226130654,-7.027846544305991e-05,-1.2000012786842045,52.368421052631575,0.0018029799092719432,143.09402910183792,246.92354262035627,0.9282383950804386,1.0311846706449413e-05,0.005,1.7295006302715255,0.00037397285921239
313,RLC,open,0.0003370099,0.00019485937771241985,0.00016857704916256562,9.773410652435231e-05,0.0763819095477387,0.09309045226130654,-6.638836696458752e-05,-1.2000013157192027,52.368421052631575,0.0013277823237235608,143.0941355564588,246.92361541876522,0.9282406353018442,7.594035416494302e-06,0.005,1.729503111199353,0.00032092877720496
314,RLC,open,0.0002951466,0.00017065378348856566,0.00014763621585819463,8.55935837901113e-05,0.0763819095477387,0.09309045226130654,-6.34229913432114e-05,-1.200001235311696,52.368421052631575,0.0010183943289375729,143.09422438792174,246.92366985647055,0.9282423465918959,5.824542763792449e-06,0.005,1.7295051651742357,0.00028106298099967
315,RLC,open,0.0002625345,0.00015179738331515898,0.0001313231077296702,7.61359767623082e-05,0.0763819095477387,0.09309045226130654,-6.122300971176796e-05,-1.2000013350252317,52.368421052631575,0.000805772793756189,143.09425037890782,246.92367570305143,0.9282436092722854,4.6084891162658615e-06,0.005,1.7295060973148042,0.00025000706393393
316,RLC,open,0.0002364123,0.0001366934315497504,0.00011825633637239936,6.856043419220913e-05,0.0763819095477387,0.09309045226130654,-5.946296101746824e-05,-1.2000013470869137,52.368421052631575,0.0006534001690677961,143.09430223946444,246.92369527129048,0.9282446395785687,3.7370188457692605e-06,0.005,1.7295073897823416,0.00022513129170935496
317,RLC,open,0.000215018,0.0001243231865206857,0.00010755455998940644,6.235600478015229e-05,0.0763819095477387,0.09309045226130654,-5.7928373160554355e-05,-1.2000013418462663,52.368421052631575,0.0005404906038443248,143.09435569857314,246.92374856172626,0.9282455088100026,3.0912509413314408e-06,0.005,1.7295084369818974,0.000204757840478545
318,RLC,open,0.0001971745,0.00011400606295864937,9.862898861728312e-05,5.7181334329161666e-05,0.0763819095477387,0.09309045226130654,-5.673447277919533e-05,-1.200001371062353,52.368421052631575,0.0004545061084789847,143.09435845626888,246.92373220321372,0.9282461960581251,2.5994764782663045e-06,0.005,1.7295088952551259,0.00018776580880974498
319,RLC,open,0.0001820656,0.00010527008510222324,9.10713030628573e-05,5.2799702422102e-05,0.0763819095477387,0.09309045226130654,-5.5691696400812436e-05,-1.200001416670425,52.368421052631575,0.00038751964988890784,143.0943776934519,246.92374331387884,0.9282467837371934,2.2163581634858645e-06,0.005,1.729509383631674,0.00017337786750868002
320,RLC,open,0.0001691075,9.777765022291218e-05,8.458943482131556e-05,4.9041782183405285e-05,0.0763819095477387,0.09309045226130654,-5.469121959395105e-05,-1.200001316681137,52.368421052631575,0.00033432044102887736,143.09445491969603,246.923803481963,0.9282473792710931,1.912093776622832e-06,0.005,1.7295107789404938,0.00016103801550262003
321,RLC,open,0.0001578713,9.1280870852628e-05,7.896893162668474e-05,4.578324170866608e-05,0.0763819095477387,0.09309045226130654,-5.3930526791150686e-05,-1.2000012600914989,52.368421052631575,0.00029136894032362037,143.09447181954752,246.92379977665104,0.9282478227450385,1.6664394767228305e-06,0.005,1.7295113261450095,0.00015033797374717
322,RLC,open,0.0001480352,8.559365503188249e-05,7.404879965010394e-05,4.293074716442365e-05,0.0763819095477387,0.09309045226130654,-5.322133712542681e-05,-1.2000012912813822,52.368421052631575,0.0002561927394370667,143.0944715810254,246.9238113694805,0.9282482158873094,1.4652547563433806e-06,0.005,1.7295113749361313,0.00014097125811860498
323,RLC,open,0.0001393529,8.057355071718013e-05,6.970580120496438e-05,4.041284886701238e-05,0.0763819095477387,0.09309045226130654,-5.267908839082051e-05,-1.2000013088528485,52.368421052631575,0.00022702236984484722,143.09447903545293,246.92379751933464,0.9282485501524215,1.2984194150347997e-06,0.005,1.7295117164333529,0.00013270325287971
324,RLC,open,0.0001316326,7.610968694234354e-05,6.58440182764352e-05,3.817394011199271e-05,0.0763819095477387,0.09309045226130654,-5.207201817426623e-05,-1.2000013265598957,52.368421052631575,0.00020256457331203423,143.09447004894974,246.9237783138021,0.9282488585988056,1.1585368892923078e-06,0.005,1.7295117781750637,0.00012535136725334
325,RLC,open,0.0001247229,7.211446561074131e-05,6.238766841249474e-05,3.617008405264487e-05,0.0763819095477387,0.09309045226130654,-5.157217909028322e-05,-1.2000012469167318,52.368421052631575,0.00018185631211476677,143.0945513486902,246.9238758182127,0.9282491792677126,1.040099230064558e-06,0.005,1.7295129201016053,0.00011877132490553002
326,RLC,open,0.0001185023,6.851776608311477e-05,5.927608858288258e-05,3.43661110883191e-05,0.0763819095477387,0.09309045226130654,-5.117794547188168e-05,-1.200001369896527,52.368421052631575,0.00016416855345053463,143.09448406824646,246.92381135231554,0.9282493625917997,9.389368538040866e-07,0.005,1.729512019645416,0.00011284762980879001
327,RLC,open,0.0001128728,6.526279100470505e-05,5.646014244954492e-05,3.273353333052981e-05,0.0763819095477387,0.09309045226130654,-5.096924670061645e-05,-1.2000016020742488,52.368421052631575,0.00014894120141950841,143.09449546876112,246.92380434258624,0.9282495004785039,8.518463779447622e-07,0.005,1.7295123034481095,0.00010748674547064499
328,RLC,open,0.0001077539,6.230305280779145e-05,5.389961125911455e-05,3.1249036709741656e-05,0.0763819095477387,0.09309045226130654,-5.049007965903663e-05,-1.200001387748489,52.368421052631575,0.00013573823686590332,143.09449277417042,246.92380801032778,0.9282497697472192,7.7633407783409e-07,0.005,1.7295123616562909,0.00010261212264278689
329,RLC,open,0.0001030792,5.96001200901098e-05,5.156124862365104e-05,2.989334299012998e-05,0.0763819095477387,0.09309045226130654,-5.0212831256203905e-05,-1.2000014635143068,52.368421052631575,0.0001242160761533199,143.09455885363298,246.92387555968546,0.928249928480021,7.104348629511019e-07,0.005,1.7295132936670916,9.816044195059604e-05
330,RLC,open,9.87932e-05,5.7121964136003216e-05,4.941734457535974e-05,2.8650389907905305e-05,0.0763819095477387,0.09309045226130654,-4.983364408269972e-05,-1.2000013339708346,52.368421052631575,0.0001141010879621095,143.0945482403736,246.92385145257316,0.9282501648402218,6.525837573509676e-07,0.005,1.7295133578526927,9.407897095019345e-05
331,RLC,open,9.48494e-05,5.4841662551345126e-05,4.744460890537063e-05,2.7506672594336756e-05,0.0763819095477387,0.09309045226130654,-4.953237376424313e-05,-1.2000013198047241,52.368421052631575,0.00010517311413905145,143.094558164039,246.92385786644536,0.9282503263510258,6.015215902791221e-07,0.005,1.7295135775870745,9.032335824784804e-05
332,RLC,open,9.120838e-05,5.273643104205318e-05,4.562332994575164e-05,2.6450764142351574e-05,0.0763819095477387,0.09309045226130654,-4.928777840187066e-05,-1.200001318778053,52.368421052631575,9.725343911265907e-05,143.0945633485069,246.92386230817195,0.9282504776781915,5.562262318106459e-07,0.005,1.7295137004487173,8.685608137938683e-05
333,RLC,open,8.783656e-05,5.078685260134914e-05,4.3936709838337565e-05,2.547292534698156e-05,0.0763819095477387,0.09309045226130654,-4.9052841582488706e-05,-1.2000013447521671,52.368421052631575,9.019575230970001e-05,143.09456273548923,246.92385813504137,0.928250605663175,5.158608794302328e-07,0.005,1.729513752101792,8.364516185096804e-05
334,RLC,open,8.470516e-05,4.8976281835109714e-05,4.2370348261362676e-05,2.4564807562912806e-05,0.0763819095477387,0.09309045226130654,-4.887089689166874e-05,-1.2000013259808167,52.368421052631575,8.387935854451378e-05,143.09456766643305,246.92386046886247,0.9282507247037747,4.797352364784195e-07,0.005,1.7295138958318648,8.066318370760162e-05
335,RLC,open,8.178934e-05,4.729036141242942e-05,4.0911824208713515e-05,2.3719209987550525e-05,0.0763819095477387,0.09309045226130654,-4.865643412863567e-05,-1.200001344405809,52.368421052631575,7.820395816995325e-05,143.09457064561468,246.9238646560372,0.928250838419397,4.4727565650363873e-07,0.005,1.7295139550044365,7.78865034848157e-05
336,RLC,open,7.906758e-05,4.57166482818463e-05,3.955037305415944e-05,2.2929891438968046e-05,0.0763819095477387,0.09309045226130654,-4.846802499935563e-05,-1.2000013621879024,52.368421052631575,7.308566877262893e-05,143.0945666741632,246.92385930108222,0.9282509388208905,4.1800238602520816e-07,0.005,1.729513929204584,7.52946256484969e-05
337,RLC,open,7.652114e-05,4.424430071579449e-05,3.827661529016488e-05,2.219141428026546e-05,0.0763819095477387,0.09309045226130654,-4.8256010700141416e-05,-1.2000013382485202,52.368421052631575,6.845388840520696e-05,143.0945699564737,246.9238592430663,0.9282510529140403,3.915116291659306e-07,0.005,1.7295140563196474,7.286969591190243e-05
338,RLC,open,7.41336e-05,4.2863831254672205e-05,3.708234329662662e-05,2.149901963951249e-05,0.0763819095477387,0.09309045226130654,-4.812994525798322e-05,-1.2000013645667358,52.368421052631575,6.424885875584259e-05,143.0945671608408,246.9238513102492,0.9282511359379679,3.674616059658027e-07,0.005,1.7295140875191684,7.059608652949262e-05
339,RLC,open,7.189055e-05,4.15668992883014e-05,3.596034128908134e-05,2.0848524427800232e-05,0.0763819095477387,0.09309045226130654,-4.7979380184728015e-05,-1.2000013609532163,52.368421052631575,6.041971832666184e-05,143.09458584574958,246.9238690678486,0.9282512352887129,3.4556142328875825e-07,0.005,1.7295143787699578,6.846006157445288e-05
340,RLC,open,6.977924e-05,4.0346145166043075e-05,3.4904242246424014e-05,2.0236237371664975e-05,0.0763819095477387,0.09309045226130654,-4.779121888882121e-05,-1.2000012949496814,52.368421052631575,5.692296641899168e-05,143.09458925020084,246.92387941842065,0.9282513267818344,3.2556228595188423e-07,0.005,1.7295144235670126,6.64495019047623e-05
341,RLC,open,6.77884e-05,3.919504837764805e-05,3.390840541933628e-05,1.9658887538314507e-05,0.0763819095477387,0.09309045226130654,-4.770635840424095e-05,-1.2000013500681315,52.368421052631575,5.3721216188090226e-05,143.09458409390518,246.9238710389994,0.9282513752338202,3.072503634652342e-07,0.005,1.7295143852573482,6.4553663644747e-05
342,RLC,open,6.590802e-05,3.8107812166898485e-05,3.2967815432266494e-05,1.9113568316032118e-05,0.0763819095477387,0.09309045226130654,-4.751204459507653e-05,-1.200001299270737,52.368421052631575,5.078219296350311e-05,143.09460009362428,246.92388191388108,0.9282514766744032,2.904410696295232e-07,0.005,1.729514665164891,6.27630055822443e-05
343,RLC,open,6.412913e-05,3.707926668673146e-05,3.2078000209734194e-05,1.859768589287512e-05,0.0763819095477387,0.09309045226130654,-4.742790255461794e-05,-1.200001325990263,52.368421052631575,4.8077921991222634e-05,143.09458719570574,246.92386736789473,0.9282515234034201,2.7497440360515064e-07,0.005,1.7295145166111967,6.10690078838506e-05
344,RLC,open,6.244375e-05,3.610478319063127e-05,3.123495476780524e-05,1.8108919622541007e-05,0.0763819095477387,0.09309045226130654,-4.7234334045297434e-05,-1.2000013454899494,52.368421052631575,4.558404809675798e-05,143.09459033644686,246.92386750210176,0.9282516218683065,2.6071107384849803e-07,0.005,1.7295146094715603,5.9464050765866444e-05
345,RLC,open,6.084469e-05,3.518020892301196e-05,3.0435087239229474e-05,1.7645185309518904e-05,0.0763819095477387,0.09309045226130654,-4.717776849867119e-05,-1.2000013392175664,52.368421052631575,4.327930051498392e-05,143.09459916118865,246.9238776382593,0.9282516613589827,2.475294199733541e-07,0.005,1.7295147431657372,5.794129146172127e-05
346,RLC,open,5.932548e-05,3.430180569027626e-05,2.967516297003788e-05,1.7204609159035277e-05,0.0763819095477387,0.09309045226130654,-4.7079955563962336e-05,-1.2000013711178252,52.368421052631575,4.1145028160219124e-05,143.09460013744368,246.9238791550959,0.9282517259438404,2.353227747226937e-07,0.005,1.7295147822733237,5.6494575840723735e-05
347,RLC,open,5.788029e-05,3.3466199076998255e-05,2.8952262845693195e-05,1.678549840711238e-05,0.0763819095477387,0.09309045226130654,-4.691832865246289e-05,-1.2000013876103826,52.368421052631575,3.916482342843089e-05,143.09460453940827,246.92387883251186,0.9282518087132197,2.2399729613225576e-07,0.005,1.7295149014930071,5.511834622559308e-05
348,RLC,open,5.650383e-05,3.267033574732237e-05,2.826374568972297e-05,1.6386321046209134e-05,0.0763819095477387,0.09309045226130654,-4.68640024788647e-05,-1.2000013686497002,52.368421052631575,3.7324206607528114e-05,143.09459586112266,246.92386295939536,0.9282518452044136,2.1347016756855402e-07,0.005,1.7295148246106102,5.38075715874605e-05
349,RLC,open,5.519134e-05,3.191144617709637e-05,2.760721515758926e-05,1.600568862486997e-05,0.0763819095477387,0.09309045226130654,-4.6754268924905355e-05,-1.2000013210750338,52.368421052631575,3.561035943454381e-05,143.09463590031064,246.92389466362093,0.9282519346253572,2.0366807942274363e-07,0.005,1.7295154752219342,5.2557693320776155e-05
350,RLC,open,5.393843e-05,3.1187012049812264e-05,2.698049276245184e-05,1.5642337769349532e-05,0.0763819095477387,0.09309045226130654,-4.666157512538514e-05,-1.2000012851421884,52.368421052631575,3.4011901846015994e-05,143.09465607278977,246.9239104282558,0.9282519985182809,1.9452594411902701e-07,0.005,1.7295157969557617,5.1364562400229324e-05
351,RLC,open,5.274113e-05,3.049473978695598e-05,2.6381594227731278e-05,1.5295118197565256e-05,0.0763819095477387,0.09309045226130654,-4.6558143586874e-05,-1.2000012247332208,52.368421052631575,3.251870487205018e-05,143.09464090754872,246.9238886769166,0.928252054129388,1.8598583093483122e-07,0.005,1.729515659699442,5.02244027915445e-05
352,RLC,open,5.159584e-05,2.9832532370958554e-05,2.580870554319991e-05,1.4962977840279395e-05,0.0763819095477387,0.09309045226130654,-4.654901562987829e-05,-1.2000012887454434,52.368421052631575,3.1121721788433095e-05,143.09466240505245,246.9239141904067,0.9282520732388757,1.77995997532858e-07,0.005,1.7295159310789066,4.913375576851692e-05
353,RLC,open,5.049922e-05,2.9198474847202778e-05,2.5260169603774227e-05,1.464495698154466e-05,0.0763819095477387,0.09309045226130654,-4.645567382152333e-05,-1.2000013436380803,52.368421052631575,2.98128642873401e-05,143.0946416036352,246.92389019934623,0.9282521325545318,1.7051018668054663e-07,0.005,1.7295156772490752,4.808947310260125e-05
354,RLC,open,4.944826e-05,2.859080860814106e-05,2.473446555207559e-05,1.43401726182267e-05,0.0763819095477387,0.09309045226130654,-4.637428429856875e-05,-1.2000012786724628,52.368421052631575,2.8584871436198846e-05,143.09465898559736,246.92390862488017,0.9282521813116967,1.6348686737347057e-07,0.005,1.729515967097199,4.7088657400464205e-05
355,RLC,open,4.844014e-05,2.800791941857421e-05,2.4230196549980806e-05,1.4047815677415639e-05,0.0763819095477387,0.09309045226130654,-4.6347769695381705e-05,-1.2000013402902883,52.368421052631575,2.7431216008546152e-05,143.09465226114946,246.923905204896,0.928252211575936,1.568887100314693e-07,0.005,1.7295158300075517,4.612864720910401e-05
356,RLC,open,4.751978e-05,2.747577095521871e-05,2.3769824414202953e-05,1.3780908420768254e-05,0.0763819095477387,0.09309045226130654,-4.624134898490171e-05,-1.2000012784044685,52.368421052631575,2.6398736193131935e-05,143.09465005267418,246.92390771677861,0.9282522469917294,1.50983597916728e-07,0.005,1.7295158005738929,4.5252207880854e-05
357,RLC,short,2.085079,0.9570487522928204,0.7188224960380474,0.6318516704534977,0.06062814070351759,0.0935678391959799,0.589728356601267,-0.9361157779955693,52.368421052631575,28653.510396206195,159.81438917223988,255.59415876807256,1.4662793046906177,183.18846285304883,0.005,2.17865494835528,1.905679994218725
358,RLC,short,1.53588,0.7005217687486953,0.5248425202582514,0.46397314299403974,0.06062814070351759,0.0935678391959799,0.6043832691844295,-0.9134818901626138,52.368421052631575,15324.106061503457,160.32939194826523,255.85574601198624,1.476947862083089,98.14614969816012,0.005,2.1924800463281255,1.4009861134929227
359,RLC,short,1.215366,0.5523829502464489,0.4132751077288656,0.36651140371708124,0.06062814070351759,0.0935678391959799,0.6125750746463219,-0.900650956065904,52.368421052631575,9518.651186708159,160.61688304435316,256.00126420735387,1.4829384882688335,61.02538474459416,0.005,2.2002235938994086,1.107407485304496
360,RLC,short,1.005432,0.45594192222395774,0.3408146360259296,0.3028670010281586,0.06062814070351759,0.0935678391959799,0.6178067143504082,-0.8923892062442325,52.368421052631575,6480.880640596333,160.80037151058528,256.09393656693584,1.4867746643772706,41.5766072882555,0.005,2.2051755958210264,0.9154794789106416
361,RLC,short,0.8573027,0.3881632704237689,0.2899689788246148,0.2580478944411018,0.06015075376884422,0.0935678391959799,0.6214370151595138,-0.8866255592358256,52.368421052631575,4695.147432145747,160.92757662018727,256.15807300164636,1.4894412866947702,30.13414490121519,0.005,2.2086136564751686,0.7802233121483148
362,RLC,short,0.7471991,0.33792467787848146,0.25232313907790077,0.22478016239239132,0.06015075376884422,0.0935678391959799,0.6241037071689405,-0.8823756899468091,52.368421052631575,3557.271561404217,161.02100509597915,256.2051353692864,1.4914025630196466,22.83861758385509,0.005,2.211140969907781,0.6797759817810649
363,RLC,short,0.6621492,0.2991984999151848,0.22332804741904502,0.1991088285021375,0.06015075376884422,0.0935678391959799,0.6261454080938265,-0.8791126664114017,52.368421052631575,2787.958526783487,161.09250855994853,256.24112667019574,1.4929055907409883,17.90394847029937,0.005,2.213076603618342,0.6022356628843318
364,RLC,short,0.5944775,0.26843478142752614,0.20030940685967402,0.17869911416559767,0.06015075376884422,0.0935678391959799,0.6277588463603254,-0.8765284805415332,52.368421052631575,2243.6664183169873,161.1490077201783,256.26954844649,1.4940941878792935,14.411446376008746,0.005,2.214606828662779,0.5405701565410428
365,RLC,short,0.5393525,0.24340695137832752,0.18159219200720841,0.16208398989816558,0.06015075376884422,0.0935678391959799,0.629065939741788,-0.8744312641393686,52.368421052631575,1844.4900856285435,161.19476671823986,256.2925603399375,1.495057682404098,11.849388795858298,0.005,2.2158467412119394,0.4903579448527199
366,RLC,short,0.4935815,0.22264774568983875,0.1660738003800484,0.1482953522133952,0.06015075376884422,0.0935678391959799,0.6301463681857766,-0.872695289389533,52.368421052631575,1543.0812708933868,161.23257425755128,256.31155105822955,1.4958544693421036,9.914403732153422,0.005,2.2168717606850947,0.4486797689613633
367,RLC,short,0.4549702,0.2051509873989134,0.15299879185670734,0.1366685674218365,0.06015075376884422,0.0935678391959799,0.6310544111974248,-0.8712345183802537,52.368421052631575,1309.9372901249706,161.26435500714715,256.3275274326504,1.496524394944588,8.417385526149825,0.005,2.217733415610213,0.41353062782962413
368,RLC,short,0.4219608,0.19020368533963572,0.14183224030354583,0.12673222765838366,0.06015075376884422,0.0935678391959799,0.6318282829208118,-0.8699884135985738,52.368421052631575,1125.8990034714127,161.29144637780246,256.3411389442031,1.4970955199520461,7.235488383355831,0.005,2.218468055687402,0.38348795206619
369,RLC,short,0.3934167,0.17728647442953288,0.1321847310322447,0.11814267178960591,0.06015075376884422,0.0935678391959799,0.632495688618412,-0.868912727275799,52.368421052631575,978.0854821238393,161.3148029436722,256.3528695510347,1.4975882078156832,6.286098803130684,0.005,2.219101605274314,0.3575143905906388
370,RLC,short,0.3684893,0.16601209889892032,0.12376605474792407,0.11064348454815928,0.06015075376884422,0.0935678391959799,0.6330770787610416,-0.8679750886903848,52.368421052631575,857.5782077200786,161.33512947877452,256.363067794155,1.498017500686472,5.51200339616498,0.005,2.219653280959732,0.33483573474787187
371,RLC,short,0.3465323,0.156085895394203,0.11635548933018233,0.10403944849788427,0.06015075376884422,0.0935678391959799,0.6335882365184522,-0.8671501595461368,52.368421052631575,758.0432927490127,161.35300364990687,256.3720366418307,1.4983950036458857,4.872561348202018,0.005,2.2201384636633232,0.31486245541714186
372,RLC,short,0.3270447,0.14727970012872388,0.10978219495306941,0.09817932440841651,0.06015075376884422,0.0935678391959799,0.6340410774361382,-0.8664188336503176,52.368421052631575,674.882310945557,161.3688652633072,256.3800063870423,1.498729537418014,4.338262014001367,0.005,2.2205687526126128,0.29713774384338415
373,RLC,short,0.309632,0.13941407846488624,0.10391186435766685,0.09294412149204113,0.06015075376884422,0.0935678391959799,0.6344449555751932,-0.8657663622834195,52.368421052631575,604.6913199742843,161.38298498458923,256.3870844077744,1.4990279408829086,3.887257054842691,0.005,2.2209521693175773,0.28130213592223025
374,RLC,short,0.2939797,0.13234598613257126,0.09863745946774705,0.08823894624909852,0.06015075376884422,0.0935678391959799,0.6348075951161747,-0.8651801764185341,52.368421052631575,544.9070798310585,161.39567595140977,256.3934471529883,1.4992959123285194,3.5030920090805484,0.005,2.221296682964906,0.2670689410789674
375,RLC,short,0.2798336,0.12595997477183898,0.0938726187098828,0.08398718176645335,0.06015075376884422,0.0935678391959799,0.6351348510718857,-0.8646510124082223,52.368421052631575,493.56956177935473,161.40711562412832,256.39918802284535,1.4995377627096746,3.1731830489044617,0.005,2.2216073042796665,0.2542066260339996
376,RLC,short,0.2669864,0.12016186815196775,0.08954690869564487,0.08012631091485942,0.06015075376884422,0.0935678391959799,0.6354316693910271,-0.8641709177634085,52.368421052631575,449.15946745580743,161.41752317751826,256.4044289575592,1.499757176057703,2.887774911554176,0.005,2.2218895570293937,0.24252626538412025
377,RLC,short,0.2552669,0.11487404131168712,0.08560228774391337,0.07660478901666302,0.06015075376884422,0.0935678391959799,0.6357022525435804,-0.8637330076419958,52.368421052631575,410.48416716423134,161.42694870191042,256.40912455682235,1.4999571783590213,2.6392090734558398,0.005,2.222146074824561,0.2318720834624684
378,RLC,short,0.244533,0.11003198239379605,0.08199052981089591,0.0733797667673946,0.06015075376884422,0.0935678391959799,0.6359497183450856,-0.863332445336296,52.368421052631575,376.5972317575337,161.43560723850487,256.41347796472263,1.5001401291515895,2.4214074299017287,0.005,2.222381117563029,0.22211455709114744
379,RLC,short,0.2346654,0.10558160830766122,0.07867120949828742,0.07041531657891603,0.06015075376884422,0.0935678391959799,0.6361771792764326,-0.8629641116343985,52.368421052631575,346.73965663943164,161.44357346445358,256.4174766866083,1.5003083067452525,2.229495202566479,0.005,2.2225973231644,0.21314509024066636
380,RLC,short,0.2255632,0.10147723085409917,0.07561018637067544,0.0676810763715225,0.06015075376884422,0.0935678391959799,0.6363867464549103,-0.8626247916674439,52.368421052631575,320.2969967113818,161.4508905035513,256.4211456535996,1.5004632319185864,2.059525676363227,0.005,2.222796169165355,0.20487187045865665
381,RLC,short,0.2171408,0.09768001585107808,0.07277844290974085,0.0651512374732856,0.06015075376884422,0.0935678391959799,0.6365806270201727,-0.8623105546187366,52.368421052631575,296.7676976860117,161.4576925528546,256.42455466824947,1.5006066314399824,1.9082770993333726,0.005,2.222980802245677,0.1972169069473278
382,RLC,short,0.2093246,0.09415672190124784,0.070151147313862,0.06280370060544009,0.06015075376884422,0.0935678391959799,0.6367601966437616,-0.8620196615891875,52.368421052631575,275.73896690452455,161.4639451397669,256.4276782136651,1.5007394165818737,1.773097655837785,0.005,2.2231508889990983,0.19011334874262323
383,RLC,short,0.2020516,0.09087874668157281,0.06770693202224026,0.06061945194860489,0.06015075376884422,0.0935678391959799,0.6369271707591406,-0.861749169071182,52.368421052631575,256.86865901230146,161.46979134614145,256.43060575941826,1.5008629354583238,1.6517893196826958,0.005,2.2233097107727757,0.1835037146261147
384,RLC,short,0.1952671,0.08782133207023127,0.06542730563775603,0.058582028332701916,0.06015075376884422,0.0935678391959799,0.6370829768053607,-0.8614965675501725,52.368421052631575,239.87118765885901,161.47530616542068,256.43342315339834,1.5009782103483957,1.5425172733179664,0.005,2.2234586449206177,0.1773382375040206
385,RLC,short,0.1889233,0.08496293685207522,0.06329618138273059,0.056677103497745816,0.06015075376884422,0.0935678391959799,0.6372286981973104,-0.8612601927713772,52.368421052631575,224.5066504647764,161.48036636743254,256.43593199424913,1.5010859470982862,1.4437401277059443,0.005,2.223596629303493,0.17157359135116157
386,RLC,short,0.1829787,0.0822847449651666,0.061299509614492376,0.054892161325687194,0.06015075376884422,0.0935678391959799,0.6373650134565827,-0.8610392014206063,52.368421052631575,210.57240967431153,161.4850965001772,256.43827328308834,1.5011867814199344,1.3541558507965024,0.005,2.223725674515488,0.16617190791983355
387,RLC,short,0.1773968,0.07977023219435579,0.05942495314305219,0.05321620888683719,0.06015075376884422,0.0935678391959799,0.637492809881253,-0.8608321163794588,52.368421052631575,197.89627308333112,161.48957607546262,256.4405404926686,1.5012813232777475,1.2726579888682876,0.005,2.2238471058700497,0.1610999389002816
388,RLC,short,0.1721454,0.07740484423187272,0.05766164391402133,0.05163956556452704,0.06015075376884422,0.0935678391959799,0.6376132411903918,-0.8606366055776027,52.368421052631575,186.33124315102836,161.49378469000396,256.44263539427516,1.5013704370678997,1.1983019821120957,0.005,2.2239615841655076,0.15632844051809175
389,RLC,short,0.167196,0.07517569148840911,0.05599996165767836,0.05015365275928584,0.06015075376884422,0.0935678391959799,0.6377265809859486,-0.8604527040147207,52.368421052631575,175.7511352623486,161.4978048031905,256.44470320458174,1.5014543143189836,1.1302769181520933,0.005,2.2240699977569074,0.1518314390295455
390,RLC,short,0.1625232,0.0730713412242459,0.05443137125223882,0.04875086390938244,0.06015075376884422,0.0935678391959799,0.6378335319276028,-0.8602793153842847,52.368421052631575,166.04723649005598,161.50153311859216,256.446549129877,1.5015334377185912,1.0678841816620357,0.005,2.2241715736575665,0.14758593205082288
391,RLC,short,0.1581044,0.07108159083127798,0.052948258212720666,0.047424408349965544,0.06015075376884422,0.0935678391959799,0.6379346248530815,-0.8601153605245879,52.368421052631575,157.1253679978253,161.5050020922032,256.4482620693187,1.5016081753460846,1.0105185110210444,0.005,2.2242664823763265,0.14357138470476724
392,RLC,short,0.1539197,0.06919733168865604,0.05154382377943319,0.04616822438674264,0.06015075376884422,0.0935678391959799,0.6380305095903176,-0.8599595238523956,52.368421052631575,148.90372074285486,161.50843353423312,256.45002067308536,1.5016791768513207,0.9576541425659761,0.005,2.22435889135929,0.13976946260307826
393,RLC,short,0.1499507,0.06741038634328697,0.05021196655798409,0.04497686740237805,0.06015075376884422,0.0935678391959799,0.6381211889636504,-0.8598124074602866,52.368421052631575,141.31087426259342,161.5115941400561,256.4515810879165,1.501746287935423,0.9088320373902422,0.005,2.2244450467377086,0.13616368798598
394,RLC,short,0.1461812,0.06571341172810194,0.048947205651805964,0.04384545061721752,0.06015075376884422,0.0935678391959799,0.6382073442800344,-0.8596726317214274,52.368421052631575,134.2843263373346,161.5145655277878,256.4530711728602,1.501810013250058,0.863650496189409,0.005,2.22452610746866,0.13273928211751024
395,RLC,short,0.1425966,0.06409977397295177,0.04774459182316976,0.04276955663813242,0.06015075376884422,0.0935678391959799,0.6382892156855947,-0.8595397156966298,52.368421052631575,127.76910863866577,161.51741289107522,256.4544697266673,1.5018705872090632,0.821756204676701,0.005,2.2246037881533183,0.1294828836312721
396,RLC,short,0.1391836,0.06256348725462985,0.046599657710029316,0.041745201386127424,0.06015075376884422,0.0935678391959799,0.6383671960736106,-0.8594131273136671,52.368421052631575,121.71680651861207,161.52014551069522,256.4558693301624,1.5019282896284158,0.782837987492046,0.005,2.224677781043928,0.12638244141119664
397,RLC,short,0.1359302,0.06109911663150413,0.04550834899739316,0.04076876530729879,0.06015075376884422,0.0935678391959799,0.6384415227627446,-0.859292412989495,52.368421052631575,116.08457040274389,161.52275937977268,256.4571448001126,1.5019833421521893,0.7466204106300289,0.005,2.224749022474594,0.12342699717265479
398,RLC,short,0.1328254,0.05970172785298621,0.04446698453988505,0.03983696266737279,0.06015075376884422,0.0935678391959799,0.6385124065260224,-0.8591773401111418,52.368421052631575,110.83440789786468,161.5252700084789,256.45843829732036,1.5020357927986583,0.7128592617264059,0.005,2.2248166808015797,0.1206066226735121
399,RLC,short,0.1298592,0.058366830141973094,0.043472213540396314,0.0389468036008107,0.06015075376884422,0.0935678391959799,0.6385801232151465,-0.8590675234994865,52.368421052631575,105.93253328454637,161.52758609673708,256.45958183977984,1.5020858414819982,0.6813373721643878,0.005,2.224880119138334,0.11791226638978988
400,RLC,short,0.1270227,0.05709031917221088,0.04252097514093242,0.03809555375958087,0.06015075376884422,0.0935678391959799,0.6386448334201924,-0.8589623048650652,52.368421052631575,101.34879448048459,161.52992347905482,256.4607851655156,1.5021338279101124,0.6518609086369818,0.005,2.224942894728625,0.11533565140139923
401,RLC,short,0.1243074,0.055868451782059306,0.04161047595437657,0.03728072149750504,0.06015075376884422,0.0935678391959799,0.6387068982110947,-0.8588614050492249,52.368421052631575,97.05626320542201,161.53208349353875,256.4618637413366,1.502179754888072,0.6242567809048571,0.005,2.2250016965732002,0.11286924879557012
402,RLC,short,0.1217057,0.05469778780568321,0.040738150737803805,0.03650001459314122,0.06015075376884422,0.0935678391959799,0.6387662790240826,-0.8587649622653242,52.368421052631575,93.0307684354278,161.53408918545784,256.4628294812464,1.5022236544478995,0.5983695981671094,0.005,2.2250570796823803,0.11050611554388878
403,RLC,short,0.1192107,0.05357517638932012,0.03990164949383883,0.035751334140386934,0.06015075376884422,0.0935678391959799,0.6388230854446286,-0.8586727962667084,52.368421052631575,89.25061736553064,161.53606089298242,256.4638217812853,1.5022656792691378,0.5740599050293529,0.005,2.2251107328834463,0.10823990192485151
404,RLC,short,0.116816,0.05249771934184194,0.0390988099924835,0.035032750295494616,0.06015075376884422,0.0935678391959799,0.6388776852878707,-0.8585841170287623,52.368421052631575,85.6962724472334,161.53801778159524,256.4648260112954,1.5023061131419866,0.5512021072189611,0.005,2.2251633302267066,0.10606477185525912
405,RLC,short,0.1145156,0.0514627462424121,0.03832764060699996,0.03434248413134305,0.06015075376884422,0.0935678391959799,0.6389301548468334,-0.858498829954673,52.368421052631575,82.35010138570877,161.53986902056752,256.4657517479912,1.502344967324621,0.5296828501621802,0.005,2.225213544970595,0.10397534294672459
406,RLC,short,0.1123711,0.050497984659354594,0.03760879995629792,0.03369902996383691,0.06015075376884422,0.0935678391959799,0.6389789166073802,-0.8584196718716326,52.368421052631575,79.29096002600365,161.54151832253132,256.46654201993994,1.5023810563269706,0.5100092909312824,0.005,2.225259102081485,0.10202759382374371
407,SALLEN_KEY,normal,4.999994880399352,4.987470127540435,4.9749858261755415,0.352667410545225,0.02,0.0,-14.035845952880772,195.00498962359765,99.5,992519.3373666421,840.1573507748963,1447.2112307442057,0.04210906575812378,4974.9716546216405,0.005,1.0025112436843995,4.9999929373832455
408,SALLEN_KEY,normal,4.999995999869316,4.983648372168814,4.9708690263378825,0.356668221762952,0.00010050251256281407,0.00010050251256281407,-13.581840214677362,185.7423391846829,99.5,990934.8675482956,790.585108888621,1386.5423184431393,0.04290290059517179,4967.350219484173,0.005,1.003280253035466,4.999993101545512
409,SALLEN_KEY,normal,5.000003454635055,4.976788136422727,4.962174363082922,0.3811111979470103,0.00010050251256281407,0.00020100502512562814,-11.76018177665707,144.47068901193802,99.5,987837.4479400814,723.8393973932074,1294.1945607455768,0.04795391254205252,4953.684030967601,0.005,1.0046647190067075,4.999993287311647
410,SALLEN_KEY,normal,5.000005104815651,4.969808480436885,4.952488569997414,0.4145519222815818,0.00020100502512562817,0.00030150753768844223,-10.25914173319882,110.48602246138533,99.5,984526.9644579879,682.6795303270927,1233.9573088058194,0.05527675181490244,4939.799266444477,0.005,1.0060760136930087,4.999993297860534
411,SALLEN_KEY,normal,4.999997999837466,4.962847594596178,4.942553161346933,0.44835755201455896,0.00030150753768844223,0.0005025125628140704,-9.208190630591922,88.84791636408087,99.5,981177.5046047388,656.4940640909014,1196.9851049903302,0.06310637628414084,4925.971249437813,0.005,1.0074857034259403,4.999993331421436
412,SALLEN_KEY,normal,4.9999996273401415,4.956033973739179,4.932738387561857,0.4799632785230708,0.00040201005025125634,0.0006030150753768845,-8.438310011592643,74.46704940593318,99.5,977887.0606045732,638.3046282532634,1172.368821048889,0.0707840556968411,4912.454549771392,0.005,1.0088711364437626,4.9999930984199406
413,SALLEN_KEY,normal,4.999998741055253,4.949000563999315,4.922662532530935,0.509902121275897,0.0005025125628140704,0.0007035175879396985,-7.825011362154793,63.93291106377124,99.5,974507.6554679924,624.7915033281566,1155.6123972722505,0.07836675912847335,4898.521316493107,0.005,1.0103047426235747,4.999992886070257
414,SALLEN_KEY,normal,5.000004206598086,4.942232920409588,4.91289036782098,0.5377494522099717,0.0005025125628140704,0.0008040201005025126,-7.335481554476072,56.045923635476704,99.5,971246.3995583375,614.1508491136598,1142.5991088655892,0.08567956860049242,4885.133247916057,0.005,1.0116893086827057,4.999993109678027
415,SALLEN_KEY,normal,4.999999998586994,4.935155064547877,4.902763217240059,0.5645071716200457,0.0006030150753768845,0.0009045226130653266,-6.905758430879205,49.579839725629725,99.5,967860.1004230387,605.6069112793583,1133.4413484086651,0.09292667791369277,4871.151102226513,0.005,1.0131393914053353,4.999993508542943
416,SALLEN_KEY,normal,5.000002713015411,4.928350383719333,4.893002021920869,0.5892102495584932,0.0006030150753768845,0.0010050251256281408,-6.558252173188532,44.5945857346278,99.5,964605.3295218572,598.6255321309906,1125.9019147817557,0.09982564838265202,4857.727500941299,0.005,1.0145388058310099,4.999992831645235
417,SALLEN_KEY,normal,5.000001851758828,4.921349743663642,4.882939034968756,0.6136690315117642,0.0007035175879396985,0.001206030150753769,-6.239057206992371,40.24276847059162,99.5,961258.7358626936,592.5210881605168,1119.748339595842,0.10682831601539364,4843.9366598916395,0.005,1.0159818164105188,4.999992732342299
418,SALLEN_KEY,normal,4.999999555656161,4.91443007562132,4.873050404857033,0.6363982400149125,0.0007035175879396985,0.0013065326633165829,-5.9686067415558846,36.723486957517686,99.5,957968.0392286484,587.3842094891576,1114.6195616833397,0.11350536395852878,4830.3245936342755,0.005,1.0174118827042264,4.999992883069478
419,SALLEN_KEY,normal,5.0000066346494565,4.907454342336914,4.863100452419316,0.658302447056418,0.0008040201005025127,0.001407035175879397,-5.727915635086737,33.73126674944723,99.5,954660.2332227998,582.8026867665105,1109.8898781952964,0.120091709798825,4816.621624424286,0.005,1.018859532021335,4.999992714011323
420,SALLEN_KEY,normal,5.000006785219037,4.900485181917511,4.853164473663901,0.6793744253058737,0.0009045226130653266,0.001507537688442211,-5.507965033142436,31.086600256634604,99.5,951362.3605945968,578.9187663676845,1106.4925253645283,0.12655049980619862,4802.95100363862,0.005,1.020308520402991,4.999992924532208
421,SALLEN_KEY,normal,4.999996999714784,4.893440125245464,4.84313303985669,0.6998704291587448,0.0010050251256281408,0.0016080402010050252,-5.307589555298884,28.773462845609732,99.5,948037.0259471486,575.4138015789156,1103.4039890382012,0.1329603498182503,4789.1512518724685,0.005,1.0217754527984493,4.999993198376154
422,SALLEN_KEY,normal,5.000005935405635,4.886487090996885,4.833250121204773,0.7193395278679275,0.0010050251256281408,0.0017085427135678393,-5.129106554379834,26.777324735003322,99.5,944764.3947277104,572.2995924565507,1100.6128218098838,0.13916735296691782,4775.551218095841,0.005,1.0232311765681124,4.999993018397068
423,SALLEN_KEY,normal,5.000003999797379,4.8794450431826455,4.823253354186412,0.7383840537072935,0.0011055276381909548,0.0019095477386934674,-4.963177328167078,24.9880304380648,99.5,941458.2732626416,569.4745070500907,1098.1398288110563,0.14534642166927242,4761.796785887937,0.005,1.0247075139791098,4.999993142211989
424,SALLEN_KEY,normal,4.999999333714843,4.872450627141811,4.813337587587677,0.7566745547791806,0.001206030150753769,0.0020100502512562816,-4.812332861343188,23.40714729770558,99.5,938183.0071440515,566.9261001338479,1095.8989912747354,0.15138388810631398,4748.155022786925,0.005,1.026177526738296,4.99999284987272
425,SALLEN_KEY,normal,4.999999647991106,4.8654186899042235,4.803376759595967,0.7745132235428159,0.0013065326633165829,0.0021105527638190956,-4.671159951473877,21.96929463976505,99.5,934897.6814714862,564.6705345231743,1094.1651324142067,0.15736217402867422,4734.459805613867,0.005,1.0276607146608243,4.999992495835135
426,SALLEN_KEY,normal,5.00000559851734,4.8583678688437,4.793417526293525,0.7917618124378991,0.0013065326633165829,0.0022110552763819095,-4.540629909747015,20.682657668675674,99.5,931614.9241634199,562.549388064736,1092.3071046498603,0.16323709826059699,4720.747669802577,0.005,1.0291533563322677,4.999993055133681
427,SALLEN_KEY,normal,5.000003484714249,4.851330431652602,4.783476351938226,0.8085548512787393,0.0013065326633165829,0.0023115577889447235,-4.419281245215985,19.513826909076652,99.5,928344.188105897,560.6562986553206,1090.8281907620265,0.16904099792671984,4707.081391415724,0.005,1.0306458311088493,4.999992251661628
428,SALLEN_KEY,normal,5.000001656285594,4.844258427026384,4.773479596702947,0.8250649960317052,0.001407035175879397,0.002412060301507538,-4.305200720358956,18.443805981977466,99.5,925062.0830817835,558.9318327624189,1089.5918701657113,0.17482996432645911,4693.367941563227,0.005,1.0321500662289835,4.9999922314616
429,SALLEN_KEY,normal,4.999999501528349,4.837181814455501,4.763503676713672,0.8410473399484398,0.001507537688442211,0.0026130653266331657,-4.198571224684137,17.470226400370066,99.5,921789.042527796,557.3193144371021,1088.3231863808198,0.18051412870373715,4679.665581219804,0.005,1.0336596169666976,4.999991625656658
430,SALLEN_KEY,normal,4.999999552497511,4.830114092607726,4.75358685009868,0.8563960568432502,0.0016080402010050252,0.00271356783919598,-4.098400470047311,16.577825934216033,99.5,918534.9379605837,555.8515660690921,1087.1367041039719,0.1860440398867854,4666.000429521551,0.005,1.035172142237755,4.999992604353638
431,SALLEN_KEY,normal,4.9999979456620816,4.823028786821172,4.743649563104813,0.8714330157626732,0.0016080402010050252,0.002814070351758794,-4.003814904076274,15.754703031670243,99.5,915279.4881978742,554.4882169203743,1086.039352640833,0.19153271821757759,4652.321335701141,0.005,1.0366925363009392,4.999992359829737
432,SALLEN_KEY,normal,4.99999648754012,4.815929603818425,4.733705051095643,0.8861232635284418,0.0017085427135678393,0.002914572864321608,-3.9143136338922475,14.993272284170448,99.5,912025.9590086404,553.2330600569204,1085.0485616665412,0.1969629004625614,4638.635589786938,0.005,1.038220426556018,4.999992396452008
433,SALLEN_KEY,normal,4.999994595840987,4.808819747488332,4.723752255484692,0.9005065200413764,0.0018090452261306533,0.003015075376884422,-3.829526151406915,14.287377538110519,99.5,908774.7846649876,552.080531483555,1084.1847398219645,0.20234572492637562,4624.94947276675,0.005,1.0397550456018874,4.999992204874341
434,SALLEN_KEY,normal,4.999995770846418,4.8016915373736335,4.713761467191854,0.9147100362972246,0.0019095477386934672,0.0031155778894472364,-3.7491098781922183,13.631644200894677,99.5,905518.9127388898,551.0179965973198,1083.4635829859033,0.20772810126943664,4611.248324017114,0.005,1.041298828116987,4.999992150016043
435,SALLEN_KEY,normal,4.999998478773031,4.7945590658840045,4.703828627207698,0.9283280035159164,0.0019095477386934672,0.0033165829145728643,-3.6720852871258556,13.016557890988256,99.5,902279.1396566168,550.0356940255722,1082.6940228619449,0.2129424633590029,4597.5593272501,0.005,1.0428484475977873,4.999992289465713
436,SALLEN_KEY,normal,5.00000032924565,4.7874231920574255,4.693914387517356,0.9415883083953808,0.0019095477386934672,0.0034170854271356787,-3.598923385769316,12.444978519711396,99.5,899048.186599114,549.111091844414,1081.9087826873315,0.21808128906895852,4583.884163969862,0.005,1.044403247563512,4.999992298490525
437,SALLEN_KEY,normal,5.00000164886737,4.780274975046886,4.683948853173463,0.9548046805051349,0.0020100502512562816,0.0035175879396984926,-3.529644657945111,11.91393170001569,99.5,895811.2406949318,548.2482719999556,1081.2577764435723,0.22326792588614924,4570.205767411902,0.005,1.0459652791873815,4.9999922104184735
438,SALLEN_KEY,normal,5.000002656971838,4.773106453843105,4.6739632666613895,0.9677874775066565,0.0021105527638190956,0.0036180904522613066,-3.4630515042986985,11.412266584968066,99.5,892572.6890344057,547.4828498516173,1080.8022014462863,0.2284149856205882,4556.509043943741,0.005,1.0475363802007907,4.999991616196139
439,SALLEN_KEY,normal,5.000001288479857,4.7659355214884025,4.664059201538359,0.9801495597766116,0.0022110552763819095,0.0037185929648241205,-3.398706835203467,10.937093768934274,99.5,889354.9171338477,546.7651052770156,1080.1975106790146,0.23336325362365207,4542.828278996985,0.005,1.0491122395458585,4.999992194102045
440,SALLEN_KEY,normal,5.000000906964004,4.7587551372147985,4.654101490910881,0.9925168856343713,0.0022110552763819095,0.003819095477386935,-3.3378327638496166,10.496397717223195,99.5,886131.3411296306,546.0409760082649,1079.5202467765296,0.23837921927933345,4529.150091193647,0.005,1.0506951424885462,4.9999920619796
441,SALLEN_KEY,normal,4.999999999799473,4.751559203775462,4.644155833745165,1.0045553538128469,0.002311557788944724,0.004020100502512563,-3.2788989176254595,10.076342769425018,99.5,882913.0874380677,545.4501715942251,1079.1633174538294,0.24330441880333703,4515.46297339666,0.005,1.0522861623667883,4.99999264527502
442,SALLEN_KEY,normal,4.999997999831489,4.744353850969237,4.634202069294236,1.0163978768944963,0.002412060301507538,0.004120603015075377,-3.2224497129249157,9.68132733171752,99.5,879697.5662293325,544.8735335250259,1078.735629937883,0.24820416446227658,4501.7786926413255,0.005,1.0538838705738667,4.999992364435381
443,SALLEN_KEY,normal,4.999995999876999,4.737137557214586,4.624244815186064,1.0280234069308853,0.002512562814070352,0.004221105527638191,-3.1681667499620216,9.307985110809087,99.5,876485.3676952294,544.3372109557893,1078.3302128787736,0.25306501753219024,4488.094447194595,0.005,1.055488876877152,4.9999922163353165
444,SALLEN_KEY,normal,4.999993999939169,4.729909809045508,4.614294562855883,1.0393904410295218,0.0026130653266331657,0.004321608040201005,-3.115741256142053,8.953227093371979,99.5,873278.3432903299,543.8600034123028,1078.00885720199,0.2578639532254865,4474.409360340982,0.005,1.0571013405746448,4.999991856365272
445,SALLEN_KEY,normal,4.999993966626384,4.722671601324734,4.604348283447073,1.050525553557418,0.0025125628140703514,0.004422110552763819,-3.065131440784622,8.616268710272163,99.5,870076.124981519,543.4326566569678,1077.7518432909403,0.26261128441745757,4460.725410791825,0.005,1.0587215010300228,4.999991783793855
446,SALLEN_KEY,normal,4.999995765245912,4.715421239701801,4.594399795753158,1.0614555970996689,0.002613065326633166,0.004522613065326633,-3.016269283275584,8.296164291841164,99.5,866877.2625764072,543.0433107894503,1077.5257584009212,0.26731789210445345,4447.039493566173,0.005,1.0603497569099696,4.999991783417205
447,SALLEN_KEY,normal,4.999997868742701,4.708161258718264,4.584447003531055,1.0722071208076718,0.00271356783919598,0.004623115577889447,-2.969164463355729,7.992644656794049,99.5,863681.8582699082,542.6688597251486,1077.260472791556,0.2719964354917687,4433.356487619109,0.005,1.061985262183625,4.999991921501086
448,SALLEN_KEY,normal,4.999998932246846,4.700889630673419,4.574473796912057,1.0828447724110188,0.002814070351758794,0.004824120603015076,-2.9238285434039373,7.7053030892639764,99.5,860486.6048117608,542.3242193525333,1077.0440280469293,0.2766754325855919,4419.672663954576,0.005,1.0636282331798923,4.999991749089466
449,SALLEN_KEY,normal,4.999999392207587,4.693603696564629,4.5645240735359565,1.0931768578395116,0.002814070351758794,0.00492462311557789,-2.87949811616839,7.427746019848225,99.5,857299.0403343207,542.0460083851182,1076.9261214668188,0.28125347553464425,4405.983132081029,0.005,1.0652794133145962,4.999991368628332
450,SALLEN_KEY,normal,4.999999999804719,4.686310523273905,4.5545946442801615,1.1032560658533477,0.002914572864321608,0.005025125628140704,-2.836555116772318,7.163362403059827,99.5,854119.8997403871,541.7826918028283,1076.7498865603297,0.28576727472599206,4392.301264109547,0.005,1.0669374073640487,4.999991816028394
451,SALLEN_KEY,normal,4.9999999997209,4.679006502249487,4.544634289580583,1.1132838910454825,0.003015075376884422,0.0051256281407035175,-2.79527593051698,6.913449783402896,99.5,850939.1772143393,541.4980753895437,1076.4633700283673,0.2903095449095903,4378.620369618596,0.005,1.0686029175888283,4.999991650302425
452,SALLEN_KEY,normal,4.999999999594097,4.671688905803503,4.534660406415146,1.1231795186426594,0.003115577889447236,0.0052261306532663315,-2.755252593883575,6.6744796152388925,99.5,847759.5737448091,541.2921477294939,1076.4175824659208,0.29483270240884873,4364.935446521506,0.005,1.0702767458215685,4.999991955952524
453,SALLEN_KEY,normal,4.999998999629311,4.664360481785178,4.524707977401005,1.1328179126774813,0.003115577889447236,0.0053266331658291454,-2.716191108497109,6.444365942896116,99.5,844587.9486153357,541.1004989403608,1076.3045277164808,0.2992779529585131,4351.251740807852,0.005,1.0719580999699394,4.999991873010782
454,SALLEN_KEY,normal,4.999996999593733,4.657019402559121,4.514756488229941,1.1422799866047577,0.003115577889447236,0.005527638190954774,-2.6781847515360098,6.223486449056921,99.5,841420.2444047392,540.9367036881629,1076.213627844804,0.3036812816948853,4337.565943162423,0.005,1.0736474485904308,4.9999918769856055
455,SALLEN_KEY,normal,4.999993999841268,4.649668416811805,4.504804212294286,1.151588205563452,0.0032160804020100503,0.005628140703517588,-2.6413096999439154,6.012387797888861,99.5,838256.674396597,540.7870491571513,1076.114896942771,0.30805846175055007,4323.883277259439,0.005,1.0753442077208757,4.99999145765584
456,SALLEN_KEY,normal,4.9999919524950265,4.642305660784777,4.494862305751347,1.1606957829207707,0.003316582914572864,0.005728643216080402,-2.6053443380303034,5.809239941563982,99.5,835098.9068007916,540.6604324469946,1076.0145260042354,0.31238151393384034,4310.200369630876,0.005,1.077049276339504,4.9999908131016495
457,SALLEN_KEY,normal,4.999992832699958,4.638619482811996,4.489883564235698,1.1652194153588324,0.003316582914572864,0.005829145728643216,-2.5877748633998503,5.7110434031815025,99.5,833520.0296853231,540.6094945012545,1075.9992972454115,0.3145441157773184,4303.358141264605,0.005,1.0779053662899056,4.999990912454818
458,SALLEN_KEY,drift,4.999994999953841,4.987267540994346,4.974782868144279,0.35266547927742425,0.02,0.0,-14.03435210532022,194.97701793496248,99.5,992438.3331107672,837.4104580138461,1444.0460346302168,0.04210842740704428,4974.56750509116,0.005,1.002551990414566,4.999993530137156
459,SALLEN_KEY,drift,5.000001798475339,4.978464119146382,4.964420595232147,0.37367517881559487,0.00010050251256281407,0.00020100502512562814,-12.213210148590765,155.0100890581368,99.5,988617.7163767518,737.526446164466,1314.1813130325343,0.046387939667991505,4957.020997125594,0.005,1.0043261694397125,4.999993190832498
460,SALLEN_KEY,drift,5.000002477145672,4.967973370851581,4.949904139410741,0.42333015972741583,0.00020100502512562817,0.0004020100502512563,-9.948987484127159,103.92268872449336,99.5,983650.2343984507,674.9084697205323,1223.1849553213938,0.05726763767236815,4936.151882698085,0.005,1.0064471171447926,4.999992534093947
461,SALLEN_KEY,drift,4.9999999996284,4.957786548900381,4.935252209306466,0.4721579131955701,0.00040201005025125634,0.0005025125628140704,-8.616766914450054,77.67913700119189,99.5,978730.7040018572,642.3298373951919,1177.4985837928634,0.06885696137575378,4915.92949289151,0.005,1.0085145760737486,4.999993796231991
462,SALLEN_KEY,drift,5.000001778724622,4.947308298272388,4.920221887616654,0.5169874029150466,0.0005025125628140704,0.0007035175879396985,-7.694651700201044,61.78483101190686,99.5,973692.2177340998,621.9266490116944,1152.0591159714766,0.08020441003586738,4895.171879630966,0.005,1.0106509393139367,4.999993018993853
463,SALLEN_KEY,drift,5.0000009996692185,4.936884704194749,4.905249719603538,0.5579926261533256,0.0006030150753768845,0.0009045226130653266,-7.003818965833684,51.029717285865694,99.5,968689.3699592861,607.6073150739395,1135.675468568427,0.09113993338094703,4874.566116502415,0.005,1.0127846403665943,4.999993249165799
464,SALLEN_KEY,drift,5.000003747437414,4.926629076185381,4.890508029864592,0.5954874172853392,0.0006030150753768845,0.0011055276381909548,-6.474227981261781,43.42135517218694,99.5,963778.0598134854,596.9981506910513,1124.2488291849268,0.10160535036835491,4854.3348108630435,0.005,1.0148934839861834,4.999992941594114
465,SALLEN_KEY,drift,4.9999989998780805,4.916176807707637,4.875551590963087,0.6307068165952838,0.0007035175879396985,0.001206030150753769,-6.03443822691091,37.565954756503,99.5,958799.1367383687,588.6278849515224,1115.8577889357882,0.11181950894199814,4833.75888092849,0.005,1.0170502802175516,4.999993238721234
466,SALLEN_KEY,drift,5.000006088927682,4.905715604137034,4.860622036040331,0.6636256560989242,0.0008040201005025127,0.001407035175879397,-5.670882039443243,33.03570913992473,99.5,953836.9923829412,581.7902543702739,1109.0012823566135,0.12171081903004792,4813.209117734716,0.005,1.0192205362885554,4.999992719059402
467,SALLEN_KEY,drift,4.999999999497744,4.895189190260896,4.845623331795959,0.6948465548606843,0.0010050251256281408,0.0016080402010050252,-5.35536261523322,29.318491603954335,99.5,948862.0024940906,576.2507957466033,1104.1470765093243,0.1313772516180492,4792.575441689425,0.005,1.0214109823263566,4.999993081346291
468,SALLEN_KEY,drift,5.000005444423987,4.884726834306759,4.830743636243235,0.7242045061251804,0.0011055276381909548,0.0018090452261306533,-5.085663333199098,26.30068899172255,99.5,943935.9530951545,571.5896951025588,1100.0841717380947,0.14073356868637993,4772.111249159307,0.005,1.0235998069139907,4.999993026408503
469,SALLEN_KEY,drift,4.9999999995598365,4.874207866894949,4.8158222342743935,0.7521692213651128,0.001206030150753769,0.0019095477386934674,-4.848728475330658,23.781424494109928,99.5,939004.0626360436,567.572459624124,1096.5733728411535,0.14988567072243802,4751.580465940122,0.005,1.0258077078573635,4.999992373630681
470,SALLEN_KEY,drift,5.000004897642667,4.863648716437098,4.800861338962115,0.7789796152397854,0.0013065326633165829,0.0021105527638190956,-4.637047987425486,21.62747670316073,99.5,934070.1101643286,564.148453989946,1093.8332090445185,0.15887309870192898,4731.015767380046,0.005,1.02803577913527,4.999992799949736
471,SALLEN_KEY,drift,5.000003374020244,4.853094359168914,4.785967600512487,0.8043873357045614,0.0013065326633165829,0.0023115577889447235,-4.448962339782494,19.79664229287498,99.5,929163.3439342612,561.1136997122634,1091.1770789007048,0.1675929644449082,4710.504971799426,0.005,1.030271205127874,4.9999923280555425
472,SALLEN_KEY,drift,5.000000683274632,4.842490005181794,4.770982397965486,0.8291178496384354,0.001407035175879397,0.002512562814070352,-4.277945910345686,18.19263615967448,99.5,924242.7916866324,558.5183237805281,1089.279162059939,0.17626446632335727,4689.9418900571145,0.005,1.0325267946705705,4.999992198901182
473,SALLEN_KEY,drift,4.9999998391280265,4.831883718192374,4.756069034047856,0.8525887692807487,0.001507537688442211,0.0026130653266331657,-4.122922902586047,16.794296472391277,99.5,919348.9968075408,556.2101149874115,1087.4311368470455,0.18466562539804926,4669.420053226513,0.005,1.0347930808646497,4.999992258323911
474,SALLEN_KEY,drift,4.9999967016763245,4.821255306692849,4.741168151500987,0.8751155875121156,0.0017085427135678393,0.002814070351758794,-3.980965005275301,15.55884821236464,99.5,914466.6934284212,554.1612575819524,1085.7583214931653,0.19288746286565359,4648.900546462792,0.005,1.0370736216220178,4.999992424689481
475,SALLEN_KEY,drift,4.999994926047754,4.810598057590038,4.726241123966834,0.8969384091529177,0.0018090452261306533,0.003015075376884422,-3.8503003305180163,14.45894188190777,99.5,909587.306450274,552.3593488618199,1084.3885765450827,0.20100422885185681,4628.37073433781,0.005,1.039370753114343,4.9999923910873125
476,SALLEN_KEY,drift,4.999996943035398,4.7999089805794055,4.711274032106322,0.9181629573487866,0.0019095477386934672,0.0032160804020100503,-3.7295050253875996,13.473764948663849,99.5,904707.7182085013,550.7581984164603,1083.2466473439972,0.20904452483238664,4607.8252443693655,0.005,1.041685782639953,4.999992166273297
477,SALLEN_KEY,drift,5.000000297163745,4.789207323736691,4.696393723575602,0.9382924825942357,0.0019095477386934672,0.0033165829145728643,-3.616822301450638,12.583658783162914,99.5,899855.5431450002,549.3425158075266,1082.1207900857978,0.21679777375126394,4587.301357946632,0.005,1.0440141675183496,4.999992568608521
478,SALLEN_KEY,drift,5.000002559860826,4.778483975781405,4.681449350816639,0.9580924185787774,0.0020100502512562816,0.0035175879396984926,-3.512769470728663,11.785917350917234,99.5,895000.6751191576,548.0608389017669,1081.183518506893,0.2245665625713073,4566.781821359932,0.005,1.046357502756551,4.999992074294182
479,SALLEN_KEY,drift,5.000001670592294,4.767729501368425,4.666544669857271,0.9770391202226771,0.0021105527638190956,0.0037185929648241205,-3.414410563862126,11.052182132604639,99.5,890160.8011642655,546.9437211277005,1080.3401549515886,0.23211163553608008,4546.248919643763,0.005,1.0487175644417752,4.9999921657259305
480,SALLEN_KEY,drift,4.9999999997736335,4.756956958002252,4.651615018273855,0.9955487040095885,0.002311557788944724,0.003919597989949748,-3.3228703538165734,10.38904720738009,99.5,885326.3546249116,545.8882847699253,1079.4256198176063,0.23961471983207008,4525.727900057209,0.005,1.0510921254737293,4.999992190497073
481,SALLEN_KEY,drift,4.999998999828264,4.746155950840813,4.6366933937064685,1.013444957785307,0.002412060301507538,0.004020100502512563,-3.2362914560935367,9.777424825919677,99.5,880501.5615428317,545.0253724478964,1078.878292444197,0.2469762452424365,4505.199261940333,0.005,1.0534839250156711,4.999992436299622
482,SALLEN_KEY,drift,4.999995999889395,4.735331909146775,4.621756897416878,1.0308886801993449,0.002512562814070352,0.004221105527638191,-3.154894284652344,9.217626088380413,99.5,875683.2242284574,544.2171043424407,1078.2598991729976,0.25427023549946337,4484.673657956728,0.005,1.0558913495021107,4.999992150596889
483,SALLEN_KEY,drift,4.999993709336485,4.7244819789155095,4.606833634766974,1.0477661144917372,0.0025125628140703514,0.004422110552763819,-3.07762912101548,8.69899327964533,99.5,870876.0436018251,543.5333046126327,1077.8047792492216,0.2614307616733052,4464.145993819481,0.005,1.058315754330429,4.999991833336251
484,SALLEN_KEY,drift,4.999995768992708,4.7136072442133825,4.59191201548914,1.0641603707652942,0.002613065326633166,0.004623115577889447,-3.0043344314432265,8.218794271749903,99.5,866078.1077652214,542.948021198515,1077.4619660194362,0.2684903166714838,4443.618650540175,0.005,1.0607578251520442,4.999991949515429
485,SALLEN_KEY,drift,4.999998948725921,4.702709099474974,4.57696932653446,1.0801965831492915,0.00271356783919598,0.004723618090452262,-2.935022104644849,7.775874387147562,99.5,861285.5452802881,542.3955720785093,1077.048157880281,0.2755067757078552,4423.094574856943,0.005,1.0632167210351449,4.999991826981001
486,SALLEN_KEY,drift,4.99999955944622,4.691781371569667,4.562044823870899,1.0957004442825067,0.002914572864321608,0.00492462311557789,-2.8685925352169175,7.360153414254901,99.5,856504.4347294102,541.981275491959,1076.8892252383666,0.2823785597562591,4402.5624877216305,0.005,1.0656932119097093,4.999991265775781
487,SALLEN_KEY,drift,4.999999999736898,4.6808334403950385,4.547125458005112,1.1107888034555664,0.003015075376884422,0.0051256281407035175,-2.8054712010327547,6.974848051911849,99.5,851734.1562856784,541.565360627761,1076.5266095573554,0.28917533276102997,4382.04033934409,0.005,1.0681858398522557,4.9999916673107325
488,SALLEN_KEY,drift,4.999999999537016,4.669857280352274,4.532169915363432,1.125612223251757,0.003115577889447236,0.0053266331658291454,-2.7453807888770743,6.6159767892202765,99.5,846965.7516326291,541.2430397107585,1076.3941488887901,0.2959499897922209,4361.513403771827,0.005,1.0706965329698122,4.9999921829481
489,SALLEN_KEY,drift,4.999996999661621,4.658855928226019,4.517243167992997,1.139935402199317,0.003115577889447236,0.00542713567839196,-2.68760739711942,6.278008127717898,99.5,842211.6155016915,540.9722793235372,1076.2266560087432,0.30258709118848015,4340.987711993344,0.005,1.0732242157068594,4.999991753708477
490,SALLEN_KEY,drift,4.999992999912713,4.647828541704787,4.502317014148067,1.1538854610395608,0.0032160804020100503,0.005628140703517588,-2.632239444408468,5.960916945343518,99.5,837466.5003509696,540.7544436772127,1076.0958371947088,0.3091454176778993,4320.46203061713,0.005,1.0757696750316772,4.999991179141365
491,SALLEN_KEY,drift,4.999992921013473,4.636775499966035,4.487393504884398,1.16747015782271,0.003316582914572864,0.005829145728643216,-2.579086909839574,5.662740862616097,99.5,832730.877469708,540.5863014284312,1075.9960606050265,0.3156240842118201,4299.937407417054,0.005,1.0783340537082502,4.999990723385128
492,SALLEN_KEY,drift,4.999994800624772,4.6256951810888065,4.472464395676486,1.1807278000260546,0.0035175879396984926,0.006030150753768844,-2.5280241590874937,5.382006845852382,99.5,828002.9999919074,540.4705232350096,1075.95680402944,0.32203626864368406,4279.411181669641,0.005,1.0809174848066538,4.999990255596531
493,SALLEN_KEY,drift,4.999994897087195,4.614588805039692,4.457538661758182,1.1936410342011214,0.0036180904522613066,0.006130653266331659,-2.478878923362773,5.117157603926589,99.5,823284.7413335214,540.3991545081793,1075.9461822477635,0.3283723206136648,4258.88596791953,0.005,1.083519054097863,4.999989246357925
494,SALLEN_KEY,drift,4.999995258471185,4.603455265365257,4.442614868095257,1.2062228293304977,0.0037185929648241205,0.006331658291457287,-2.431507678903512,4.866765868837571,99.5,818575.6710134594,540.37558561512,1075.9828387258765,0.3346334749766368,4238.360076043822,0.005,1.0861396429958496,4.999988096020071
495,SALLEN_KEY,drift,4.999995749202701,4.592294958259548,4.427693849909822,1.2184827266427691,0.0038190954773869345,0.006532663316582915,-2.3858043201725248,4.629775083913786,99.5,813876.0421752051,540.3924392745927,1076.0469005544305,0.3408223323516016,4217.8345967312125,0.005,1.0887793128814334,4.9999864280444095
496,SALLEN_KEY,drift,4.999995999814689,4.581107803327592,4.412785818191949,1.2303942573309414,0.0038190954773869345,0.0067336683417085425,-2.3415900952013966,4.404724102982888,99.5,809187.6730004017,540.4511732216824,1076.1330715981671,0.34692212053659827,4197.309741141791,0.005,1.0914381879821355,4.9999845908530824
497,SALLEN_KEY,drift,4.999994999626522,4.569893795794766,4.397840088088666,1.2421480847482596,0.003919597989949748,0.006834170854271357,-2.2991860447878025,4.193367081115919,99.5,804501.6607357335,540.5055374596034,1076.1658085394317,0.3530379848156188,4176.785860968697,0.005,1.0941162361863939,4.999981552137726
498,SALLEN_KEY,drift,4.999992999432064,4.558651736292204,4.382910058933434,1.2535569664359276,0.004120603015075377,0.007035175879396985,-2.2580195378168457,3.9916247770109274,99.5,799827.250352588,540.6292477129915,1076.3269971330285,0.3590545104043674,4156.261130559985,0.005,1.0968139898966764,4.999977307015366
499,SALLEN_KEY,drift,4.999989998546655,4.547381258893462,4.367993434532769,1.2646381575826735,0.004221105527638191,0.007236180904522613,-2.218052610294729,3.799120467270364,99.5,795163.9849705639,540.7942613565161,1076.5184252517204,0.36498233011861325,4135.735262747096,0.005,1.0995317335154187,4.999971311419066
500,SALLEN_KEY,drift,4.999984999408927,4.536084040357727,4.353060337965449,1.2755093552068562,0.004321608040201005,0.007336683417085427,-2.179482645251902,3.6169096529980544,99.5,790506.980471348,540.9635077912139,1076.6696475176661,0.37089102426513715,4115.211684237615,0.005,1.1022690397540817,4.999963081861667
501,SALLEN_KEY,drift,4.999978999672534,4.524758395729526,4.338133406967711,1.286093730283903,0.004422110552763819,0.007537688442211056,-2.1420332173103604,3.4430262666256617,99.5,785859.9260530982,541.1640651039777,1076.8400131529875,0.37673079443008956,4094.6877079449673,0.005,1.105026735657648,4.999952401793277
502,SALLEN_KEY,drift,4.999968999790642,4.513404236667856,4.323207500325029,1.2964161032264154,0.004422110552763819,0.007738693467336684,-2.105675499411181,3.277087404933284,99.5,781221.9436820388,541.4009573491128,1077.0575924374782,0.38251034122727284,4074.1635607142707,0.005,1.1078043839215266,4.99993858880394
503,SALLEN_KEY,drift,4.999956000076133,4.502021630370639,4.308282717681375,1.3064833657008794,0.004522613065326633,0.007939698492462312,-2.070360883338677,3.118654938122739,99.5,776593.1003272376,541.6669773996042,1077.3014254648774,0.3882335902502257,4053.6397520650225,0.005,1.110602393899316,4.999920615328412
504,SALLEN_KEY,drift,4.999942885144827,4.490610441380707,4.293360335821028,1.3162975207133767,0.004623115577889448,0.008040201005025126,-2.036028358543497,2.967216999851014,99.5,771973.6277207887,541.9596395709332,1077.5635783109367,0.39390005601995615,4033.116427247486,0.005,1.1134216495536222,4.999898017753014
505,SALLEN_KEY,drift,4.999927614652639,4.479170775140797,4.278439721746807,1.3258674067396465,0.004824120603015076,0.008241206030150754,-2.0026368983445484,2.822393017546214,99.5,767363.4709191681,542.2757863170176,1077.8386772425833,0.39951333194835914,4012.5941665750815,0.005,1.116261885436925,4.99986969939551
506,SALLEN_KEY,drift,4.99991899977396,4.46770219315991,4.263521851383579,1.3351944837890142,0.00492462311557789,0.008442211055276382,-1.9701322683610452,2.6837457704500265,99.5,762762.7541283071,542.6155890652188,1078.1255627402588,0.4050728382730285,3992.0725773531744,0.005,1.1191253990538756,4.999835456183568
507,SALLEN_KEY,drift,4.999896999653513,4.456204705072935,4.248597151958601,1.3443149236259446,0.005025125628140704,0.00864321608040201,-1.9385378260568888,2.5512824297801346,99.5,758169.8875967622,542.9659333954347,1078.4004590830211,0.4106000214079391,3971.552074702833,0.005,1.1220079261533116,4.999792731762266
508,SALLEN_KEY,drift,4.9998829995430825,4.450444833223471,4.241124765396139,1.3488216849936236,0.0051256281407035175,0.008743718592964824,-1.9231092080857952,2.487471546662748,99.5,755875.0949705223,543.1428325259237,1078.5360748786843,0.4133657345436046,3961.2918427130976,0.005,1.1234569097942626,4.999768121996519
509,SALLEN_KEY,open,2.969693864611579,1.653921469313007,1.3538554918327423,0.9500165966386162,0.01407035175879397,0.01949748743718593,0.10133319158743526,-1.3471289625622125,99.5,91368.72583153576,687.2096645283348,1175.2679166726534,1.1237074407759324,547.0912453308993,0.005,1.7955470799016275,2.8362725932537343
510,SALLEN_KEY,open,0.0212834979437726,0.009654562645003775,0.007225094015097863,0.006403795463574655,0.012763819095477389,0.01969849246231156,0.615777774444515,-0.8921171671490504,99.5,2.9083084693658976,763.6949329063019,1216.4258263021263,1.4839573152915948,0.018642115973260456,0.005,2.2045015114989996,0.019373928447773407
511,SALLEN_KEY,open,0.0057581514358133,0.0025987056114562886,0.0019397920015519676,0.001729299813719244,0.012663316582914575,0.01969849246231156,0.6283471069523336,-0.8738263617828235,99.5,0.21032546636485303,765.6755003344315,1217.426160980721,1.4938430967187342,0.0013506541710028804,0.005,2.215776735321124,0.005234157692275085
512,SALLEN_KEY,open,0.0026290887414546,0.001184451777883935,0.0008833457841447734,0.0007890666890485681,0.012663316582914575,0.01969849246231156,0.6326718965689241,-0.8674539565655515,99.5,0.04366538944531984,766.3603766015216,1217.7793880259205,1.4972557649560583,0.0002805852028264829,0.005,2.2196671832023083,0.002388680898633675
513,SALLEN_KEY,open,0.0014991068524033,0.0006747755993841778,0.0005030112236701597,0.00044977974430394826,0.012663316582914575,0.01969849246231156,0.6348603392964073,-0.8642139761914827,99.5,0.014167132185851805,766.7093617769976,1217.965514824705,1.4989849156436994,9.106442190485528e-05,0.005,2.2216376137065916,0.001361691596438785
514,SALLEN_KEY,open,0.0009673241047633,0.0004351776594894581,0.0003243149678720263,0.00029017132341582145,0.012663316582914575,0.01969849246231156,0.6361816864178287,-0.8622529590704038,99.5,0.0058913142418843935,766.9214769642946,1218.0835389588774,1.500029672021415,3.787591906374454e-05,0.005,2.222825744083797,0.0008785250845950952
515,SALLEN_KEY,open,0.0006754442335352,0.0003037587480052109,0.00022633422099703363,0.0002025887395571608,0.012663316582914575,0.01969849246231156,0.6370660595092411,-0.8609382936432275,99.5,0.0028699888663250616,767.0649316225006,1218.167412063232,1.5007293020207655,1.845387539793864e-05,0.005,2.2236206791437425,0.0006133790248132099
516,SALLEN_KEY,open,0.0004981947510234,0.00022398941154689228,0.0001668754036357251,0.0001494117001661413,0.012663316582914575,0.01969849246231156,0.6376993601519503,-0.8599958471970077,99.5,0.0015604045577808606,767.168782917285,1218.2316299200625,1.5012305080952026,1.0034251297024616e-05,0.005,2.224188847065669,0.00045238501799543503
517,SALLEN_KEY,open,0.0003825555624277,0.00017196480586879586,0.0001281037581586299,0.00011472280332666177,0.012663316582914575,0.01969849246231156,0.6381751299174371,-0.8592874432505879,99.5,0.0009196678807404179,767.2480125000722,1218.2837271291107,1.5016072081676664,5.91437889149853e-06,0.005,2.2246154409035226,0.0003473608281769099
518,SALLEN_KEY,open,0.0003029600702797,0.00013616508562328173,0.00010142731172053094,9.084839558265129e-05,0.012663316582914575,0.01969849246231156,0.6385456492212546,-0.8587352746905652,99.5,0.0005765802308361769,767.3106507550232,1218.3276711354652,1.5019006745775072,3.7081861085591293e-06,0.005,2.224946790823296,0.00027507695174871003
519,SALLEN_KEY,open,0.0002458485759135,0.00011048324651989019,8.229226627858698e-05,7.371926934193641e-05,0.012663316582914575,0.01969849246231156,0.638842348789502,-0.8582928850465077,99.5,0.0003795789575657896,767.361554222349,1218.3655992419524,1.5021357735244658,2.4413095523149656e-06,0.005,2.2252113660439923,0.000223214620040065
520,SALLEN_KEY,open,0.0002034862800887,9.14369195252022e-05,6.81024015434717e-05,6.101453233673143e-05,0.012663316582914575,0.01969849246231156,0.6390851870098141,-0.8579307338977991,99.5,0.0002599781970162102,767.404278380178,1218.3997444662584,1.5023283224206825,1.6721420504516601e-06,0.005,2.2254279906336336,0.000184747562576735
521,SALLEN_KEY,open,0.0001711992832753,7.692251996063772e-05,5.7289654976792285e-05,5.133195408061929e-05,0.012663316582914575,0.01969849246231156,0.6392874752254423,-0.8576289945895361,99.5,0.00018398729048780464,767.4402046758601,1218.4301864038703,1.5024887863447078,1.1834148154189417e-06,0.005,2.2256067971109754,0.00015543055906934997
522,SALLEN_KEY,open,0.0001460287857506,6.560852433064279e-05,4.88615900414571e-05,4.378382673391085e-05,0.012663316582914575,0.01969849246231156,0.6394590317430912,-0.8573727625415799,99.5,0.00013384137474130488,767.4718406021203,1218.458976186302,1.502624930214164,8.608956929689094e-07,0.005,2.225759339055833,0.00013257604534121
523,SALLEN_KEY,open,0.0001260270877196,5.661877201798864e-05,4.216524161491038e-05,3.77859463872642e-05,0.012663316582914575,0.01969849246231156,0.6396057702356033,-0.8571538438816764,99.5,9.967387502707943e-05,767.4993696258964,1218.4855704503307,1.5027414898183484,6.411370689649948e-07,0.005,2.2258887508114675,0.000114415255703455
524,SALLEN_KEY,open,0.000109870089315,4.935763987228489e-05,3.675674980957009e-05,3.294112865702747e-05,0.012663316582914575,0.01969849246231156,0.6397329836467307,-0.856963845185204,99.5,7.574623830243295e-05,767.5235774323755,1218.5103996354226,1.5028425730889916,4.872353227524335e-07,0.005,2.225999654750385,9.974568284791175e-05
525,SALLEN_KEY,open,9.663212061456984e-05,4.340875877250441e-05,3.232585907652212e-05,2.8971696069341727e-05,0.012663316582914575,0.01969849246231156,0.6398442935444322,-0.8567975338747194,99.5,5.858681627577042e-05,767.5456106529083,1218.5342721163765,1.5029311461233614,3.7686406763389567e-07,0.005,2.226097298036029,8.772659963485535e-05
526,SALLEN_KEY,open,8.565008169432026e-05,3.847396888691928e-05,2.865041129230855e-05,2.5678789198347962e-05,0.012663316582914575,0.01969849246231156,0.6399424198748395,-0.8566509117715246,99.5,4.602277924648169e-05,767.5654906987492,1218.5570767414526,1.503009291760506,2.960492563823266e-07,0.005,2.226182641724814,7.775591741619743e-05
527,SALLEN_KEY,open,7.643908259886741e-05,3.433522363246337e-05,2.55679490644872e-05,2.2916971059174882e-05,0.012663316582914575,0.01969849246231156,0.6400296295987715,-0.8565205068990074,99.5,3.6653294838537234e-05,767.5837967535076,1218.57919891824,1.503078826246452,2.3578151637825424e-07,0.005,2.2262584748857015,6.939329186026716e-05
528,SALLEN_KEY,open,6.863779336477896e-05,3.083007778085186e-05,2.2957447389792904e-05,2.057788388824922e-05,0.012562814070351761,0.01969849246231156,0.6401075785351019,-0.8564039441134468,99.5,2.9551360888909145e-05,767.6005852225179,1218.600545960661,1.5031410439977877,1.9009873919467514e-07,0.005,2.226325663291351,6.231063810914185e-05
529,SALLEN_KEY,open,6.197257401857647e-05,2.7835504970260224e-05,2.072725303114701e-05,1.8579459592038424e-05,0.012562814070351761,0.01969849246231156,0.6401776531239374,-0.8562990570050109,99.5,2.4089175729341275e-05,767.6161865177899,1218.6213416994442,1.5031970656388383,1.5496306738987634e-07,0.005,2.226385836534623,5.625947303740115e-05
530,SALLEN_KEY,open,5.6233084581155775e-05,2.5256951088992397e-05,1.8806926772994247e-05,1.6858620455630006e-05,0.012562814070351761,0.01969849246231156,0.640241019810181,-0.856204251123371,99.5,1.9832683922549246e-05,767.6307749482847,1218.6416810259825,1.5032477768893464,1.2758271566235084e-07,0.005,2.2264399365948626,5.104880712323436e-05
531,SALLEN_KEY,open,5.12555050689924e-05,2.302077918789123e-05,1.7141614091261875e-05,1.5366240293705498e-05,0.012562814070351761,0.01969849246231156,0.6402985821495394,-0.8561179672300514,99.5,1.647615865501628e-05,767.6444358944862,1218.6615531494922,1.5032939366966225,1.0599125488352922e-07,0.005,2.226488714854293,4.652989580709303e-05
532,SALLEN_KEY,open,4.691070549414161e-05,2.10689500771899e-05,1.5688081141836664e-05,1.4063597244029324e-05,0.012562814070351761,0.01969849246231156,0.6403509884452125,-0.8560394796712902,99.5,1.3800611238662597e-05,767.6572550576659,1218.6809919545117,1.5033360366613744,8.878013147102407e-08,0.005,2.2265326616787156,4.2585493364221465e-05
533,SALLEN_KEY,open,4.309581586745317e-05,1.9355223110640636e-05,1.4411883549608922e-05,1.2919840332418553e-05,0.012562814070351761,0.01969849246231156,0.6403990213634332,-0.8559674994450188,99.5,1.1646777631344497e-05,767.6695216795667,1218.7002679194093,1.5033747058538958,7.492493233253547e-08,0.005,2.226572931818131,3.912218847858604e-05
534,SALLEN_KEY,open,3.9728046196160215e-05,1.78423892957937e-05,1.3285305704585207e-05,1.1910143077157779e-05,0.012562814070351761,0.01969849246231156,0.6404431913946281,-0.8559010597858343,99.5,9.897205253384867e-06,767.6813425184715,1218.7193771804457,1.5034103485501078,6.367017115653072e-08,0.005,2.2266102110845662,3.6064811628524906e-05
535,SALLEN_KEY,open,3.6740136488299616e-05,1.650023227634882e-05,1.2285840953555992e-05,1.1014344158296024e-05,0.012562814070351761,0.01969849246231156,0.640483759482241,-0.8558401785832519,99.5,8.46416318857899e-06,767.6924300625132,1218.7380472221728,1.503443176833807,5.445153303469267e-08,0.005,2.226643593433673,3.3352311776877355e-05
536,SALLEN_KEY,open,3.4077046748291625e-05,1.530401100169817e-05,1.1395061188076893e-05,1.0215935261153641e-05,0.012562814070351761,0.01969849246231156,0.6405213359863814,-0.8557837096069756,99.5,7.28135157757023e-06,767.7030633578369,1218.7565329058366,1.5034736164251994,4.684255054801973e-08,0.005,2.2266742192298707,3.0934706879589895e-05
537,SALLEN_KEY,open,3.1693346980958346e-05,1.4233310730522739e-05,1.0597761065248815e-05,9.501294372637343e-06,0.012562814070351761,0.01969849246231156,0.6405562295273446,-0.8557311357047057,99.5,6.298121661423828e-06,767.7132916617938,1218.7748399241896,1.5035019725213012,4.051742687032275e-08,0.005,2.2267023871679616,2.877074980747164e-05
538,SALLEN_KEY,open,2.955128718951453e-05,1.3271165016220354e-05,9.881304112384192e-06,8.859099837248152e-06,0.012562814070351761,0.01969849246231156,0.640588588132358,-0.8556824107523386,99.5,5.475391319811281e-06,767.7233563642353,1218.7932024381528,1.5035283655544747,3.52247641775502e-08,0.005,2.2267289385216893,2.6826158570233137e-05
539,SALLEN_KEY,open,2.7619267377576755e-05,1.2403380395511834e-05,9.235119028571988e-06,8.27988054043504e-06,0.012562814070351761,0.01969849246231156,0.640618709737143,-0.8556370172125818,99.5,4.782722793467414e-06,767.7330126916048,1218.811297944875,1.5035530347076642,3.0768769047153456e-08,0.005,2.2267532315279785,2.5072255562839154e-05
540,SALLEN_KEY,open,2.5870697547556075e-05,1.161800883730879e-05,8.650307394882803e-06,7.755663177177117e-06,0.012562814070351761,0.01969849246231156,0.6406467445916085,-0.8555946295188068,99.5,4.196204454201633e-06,767.7423365676491,1218.8292789948587,1.5035760778785683,2.699562586875703e-08,0.005,2.226775509455439,2.348489862116118e-05
541,SALLEN_KEY,open,2.4283067702265385e-05,1.090493643842821e-05,8.119336371157444e-06,7.279698868645545e-06,0.012562814070351761,0.01969849246231156,0.6406730447607907,-0.8555549746935331,99.5,3.696900599344702e-06,767.751361045348,1218.8471269380927,1.503597697202728,2.378352774523187e-08,0.005,2.2267958955444804,2.2043652486264172e-05
542,SALLEN_KEY,open,2.2837227842508368e-05,1.0255552862372613e-05,7.635793572223167e-06,6.846241380152651e-06,0.012562814070351761,0.01969849246231156,0.6406977491464543,-0.8555173757377004,99.5,3.269700840460824e-06,767.7603991655371,1218.865045638039,1.5036181664286787,2.1035272902583823e-08,0.005,2.2268158673627076,2.0731117632856372e-05
543,SALLEN_KEY,open,2.151676797069608e-05,9.662494856915675e-06,7.194195080356577e-06,6.450377043684741e-06,0.012562814070351761,0.01969849246231156,0.6407210040293205,-0.8554820378850159,99.5,2.902464209206344e-06,767.7689755502261,1218.8826641410726,1.5036374530965928,1.8672761371984377e-08,0.005,2.2268335755227877,1.9532415849164594e-05
544,SALLEN_KEY,open,2.0307608087632206e-05,9.119430236662025e-06,6.789825340989125e-06,6.0878797360170905e-06,0.012562814070351761,0.01969849246231156,0.6407427224160154,-0.8554490660293239,99.5,2.5853674866115348e-06,767.7775908977261,1218.9005467684099,1.5036555594669418,1.663280156826912e-08,0.005,2.2268505334896203,1.84347496857066e-05
545,SALLEN_KEY,open,1.9197568195727803e-05,8.620894514478955e-06,6.41861474280068e-06,5.755102693547274e-06,0.012562814070351761,0.01969849246231156,0.6407629791786436,-0.8554184020881288,99.5,2.310415922118362e-06,767.7855622189406,1218.9177784242665,1.5036725735591325,1.4863964445954666e-08,0.005,2.2268649921983297,1.7427075811991495e-05
546,SALLEN_KEY,open,1.817612829417918e-05,8.162149475808148e-06,6.077034392937177e-06,5.448884018998193e-06,0.012562814070351761,0.01969849246231156,0.6407824062028803,-0.8553885628901208,99.5,2.0710629243753526e-06,767.7938649851517,1218.935433976782,1.5036889575379535,1.3324136813087044e-08,0.005,2.226880106527274,1.6499823586629422e-05
547,SALLEN_KEY,open,1.7234088385397398e-05,7.739069895942936e-06,5.762012480031589e-06,5.16647026839896e-06,0.012562814070351761,0.01969849246231156,0.6408005877758819,-0.8553607597826622,99.5,1.8619178595110624e-06,767.8020468650842,1218.9531697061534,1.5037043505069498,1.1978640570858039e-08,0.005,2.226894008856549,1.5644652866874906e-05
548,SALLEN_KEY,open,1.6363428469382447e-05,7.348053559818519e-06,5.470866142495087e-06,4.9054576513167985e-06,0.012562814070351761,0.01969849246231156,0.6408178910650859,-0.8553343134809985,99.5,1.678519661274151e-06,767.8098688264345,1218.9705064057403,1.503719081781813,1.0798778223592321e-08,0.005,2.226906531936954,1.485428513963587e-05
549,SALLEN_KEY,open,1.555710854774171e-05,6.985939074325894e-06,5.201241403435767e-06,4.663735907336398e-06,0.012562814070351761,0.01969849246231156,0.6408341448982091,-0.8553094108445096,99.5,1.517156163164684e-06,767.8173962098398,1218.987812374368,1.5037329477457324,9.760668950038664e-09,0.005,2.226917295187389,1.412233190433509e-05
550,SALLEN_KEY,open,1.4808958620073336e-05,6.649947450287328e-06,4.951068603053278e-06,4.4394505042226795e-06,0.012562814070351761,0.01969849246231156,0.640849565301695,-0.8552856621789497,99.5,1.3747257517069117e-06,767.8251051479849,1219.0051286140815,1.5037462863319966,8.844360218316585e-09,0.005,2.226928668351128,1.3443175831789124e-05
551,SALLEN_KEY,open,1.4113508686779169e-05,6.337624960578029e-06,4.718520556430887e-06,4.230963708126178e-06,0.012562814070351761,0.01969849246231156,0.6408642156532828,-0.8552629574726054,99.5,1.2486240816217038e-06,767.8329622870599,1219.0229402488146,1.5037590246405879,8.033098028188333e-09,0.005,2.2269397092080268,1.2811858809489227e-05
552,SALLEN_KEY,open,1.3465908749466576e-05,6.046799668084698e-06,4.501979809907057e-06,4.036825983014183e-06,0.012562814070351761,0.01969849246231156,0.6408781577525043,-0.8552413510234218,99.5,1.1366554401157043e-06,767.840031432475,1219.0398401421328,1.5037711452834015,7.3127572451898416e-09,0.005,2.2269480532884685,1.2223992572250533e-05
553,SALLEN_KEY,open,1.2861888807733715e-05,5.775542861365216e-06,4.30001015508524e-06,3.8557499931440724e-06,0.012562814070351761,0.01969849246231156,0.6408913836811816,-0.8552207387117896,99.5,1.0369608920942256e-06,767.8476058873159,1219.0574239330215,1.5037828056360303,6.671379068693341e-09,0.005,2.2269575547212606,1.1675677450994866e-05
554,SALLEN_KEY,open,1.2297618861580594e-05,5.52213758973803e-06,4.111333026913942e-06,3.6865897929935716e-06,0.012562814070351761,0.01969849246231156,0.640903940403214,-0.8552011941862512,99.5,9.479606795130078e-07,767.8552323851503,1219.0749277299246,1.5037939741886037,6.0988007119995476e-09,0.005,2.226967123099878,1.1163443892105354e-05
555,SALLEN_KEY,open,1.1769668912614572e-05,5.285051244295807e-06,3.934807160530818e-06,3.528322443352941e-06,0.012562814070351761,0.01969849246231156,0.640915852183617,-0.8551826706638259,99.5,8.683072788256394e-07,767.8620995291302,1219.0919765587864,1.503804550891629,5.5863533309665324e-09,0.005,2.2269734707525606,1.068419490617746e-05
556,SALLEN_KEY,open,1.1275008960031972e-05,5.062911896133683e-06,3.769410940592686e-06,3.3800322526496878e-06,0.012562814070351761,0.01969849246231156,0.6409272511608587,-0.8551647892409324,99.5,7.968470536299038e-07,767.8694287602722,1219.1095009343833,1.503814782574334,5.126615373602393e-09,0.005,2.226981071632352,1.0235157436901355e-05
557,SALLEN_KEY,open,1.0810889004636474e-05,4.854489073573548e-06,3.6142281136498033e-06,3.2408979169280167e-06,0.012562814070351761,0.01969849246231156,0.6409380317119492,-0.85514778278701,99.5,7.325892081076445e-07,767.8765777291335,1219.1267932220132,1.5038246318886883,4.713212833088994e-09,0.005,2.226988018880888,9.813844186797922e-06
558,SALLEN_KEY,open,1.0374849046428078e-05,4.6586765725368445e-06,3.4684348496948527e-06,3.110181200657912e-06,0.012562814070351761,0.01969849246231156,0.640948497891615,-0.8551310906783449,99.5,6.74679999288207e-07,767.8837439224409,1219.144070377099,1.503834240594934,4.340653481500729e-09,0.005,2.2269949168801255,9.418020454881638e-06
559,SALLEN_KEY,open,9.984592083759237e-06,4.483425221381467e-06,3.337951010315267e-06,2.9931897314495036e-06,0.012562814070351761,0.01969849246231156,0.6409578554484782,-0.8551162725858896,99.5,6.24873200938319e-07,767.8906021338332,1219.160783364955,1.5038428907784938,4.020220343143892e-09,0.005,2.2270009179907113,9.063757803430319e-06
560,SALLEN_KEY,short,5.0000151913567805,4.98747738017506,4.974993061763758,0.3526679077550598,0.02,0.0,-14.035847846870823,195.0050248967103,1194.0,992522.2318465356,840.2587554365753,1447.328203006188,0.042109180435192066,4974.986123551575,0.005,1.0025138582545874,4.999992995184995
561,SALLEN_KEY,short,5.000006404438784,4.987477502091642,4.974993183380519,0.3526679163003909,0.02,0.0,-14.035847856018885,195.00502506704672,1293.5,992522.2803048956,840.2593486215585,1447.3282598312314,0.04210917940555638,4974.986366774057,0.005,1.0025120719525826,4.99999360295723
562,SALLEN_KEY,short,5.000002959644025,4.987477367381405,4.974993049007652,0.3526679067724925,0.02,0.0,-14.035847856315371,195.0050250725672,149.25,992522.2266841542,840.2577867499081,1447.3262916448184,0.042109179322650805,4974.986098028348,0.005,1.002511408341327,4.999992764421516
563,SALLEN_KEY,short,5.000009655569697,4.98747745411992,4.97499313552145,0.3526679130130262,0.02,0.0,-14.035847843322408,195.00502483063897,696.5,992522.261021409,840.2589161358294,1447.3277987988074,0.0421091765275705,4974.986271070902,0.005,1.0025127334539476,4.999993081768666
564,SALLEN_KEY,short,5.000013239847172,4.987477538781389,4.974993219969409,0.3526679190219618,0.02,0.0,-14.035847840599372,195.00502477993612,1940.25,992522.2946046314,840.2596044686376,1447.327605176345,0.042109174805023096,4974.986439969773,0.005,1.0025134350918492,4.999993434803372
565,SALLEN_KEY,short,5.000010913144785,4.987477426732369,4.974993108202882,0.35266791107039885,0.02,0.0,-14.035847844053912,195.00502484425957,547.25,992522.250101506,840.2592279107556,1447.3283550388385,0.04210917622499385,4974.986216432986,0.005,1.0025129911055313,4.999992878899291
566,SALLEN_KEY,short,5.00000955248379,4.9874774304272655,4.974993111888994,0.3526679113251172,0.02,0.0,-14.035847844847861,195.0050248590429,99.5,992522.2517308113,840.2586626017309,1447.3279295761524,0.04210917865648176,4974.9862238042715,0.005,1.0025127175473656,4.999992735981185
567,SALLEN_KEY,short,5.000004562601806,4.98747739247479,4.974993074038296,0.3526679085458715,0.02,0.0,-14.03584785643553,195.0050250748046,99.5,992522.2366775351,840.2577824560314,1447.3263067279552,0.04210917941527085,4974.986148089426,0.005,1.002511724693914,4.999992801869366
568,SALLEN_KEY,short,5.000008972934834,4.987477429107408,4.974993110572493,0.3526679112310541,0.02,0.0,-14.035847844936972,195.00502486070212,99.5,992522.2512749076,840.2585912008353,1447.3280658985839,0.04210917971947831,4974.986221171169,0.005,1.002512601611847,4.999992488836808
569,SALLEN_KEY,short,5.000014595576472,4.987477445466479,4.9749931268933185,0.35266791234966777,0.02,0.0,-14.03584784956078,195.0050249467971,1243.75,992522.2577781714,840.258591071633,1447.327098343408,0.042109179587921125,4974.986253807367,0.005,1.002513725675369,4.999992968344948
570,SALLEN_KEY,short,5.000015403197132,4.987477555571534,4.974993236721204,0.35266792015731235,0.02,0.0,-14.035847846889148,195.00502489705144,1990.0,992522.3013497195,840.2592073098788,1447.327258213464,0.04210917574455327,4974.98647346596,0.005,1.0025138654732575,4.999993368263653
571,SALLEN_KEY,short,5.000013077573741,4.987477496757286,4.974993178052956,0.35266791601571057,0.02,0.0,-14.03584784480512,195.005024858247,1890.5,992522.277830405,840.2598013413564,1447.3285060345172,0.042109174051151,4974.986356132065,0.005,1.0025134110027776,4.999992910689852
572,SALLEN_KEY,short,5.000014222676931,4.987477535821068,4.97499321702154,0.35266791874149084,0.02,0.0,-14.03584784922275,195.00502494050306,1990.0,992522.2935171376,840.2590548979542,1447.3271442882174,0.04210917616991433,4974.986434063958,0.005,1.0025136327463777,4.9999930528592555
573,SALLEN_KEY,short,5.000009818890374,4.987477459353722,4.974993140748275,0.3526679132967312,0.02,0.0,-14.035847853792548,195.00502502559254,547.25,992522.2632609723,840.2584078701641,1447.3268188795714,0.042109178891138015,4974.9862815122915,0.005,1.0025127651480705,4.999993092057332
574,SALLEN_KEY,short,5.000006329793852,4.987477456218837,4.974993137622678,0.3526679130547461,0.02,0.0,-14.035847856254955,195.00502507144242,895.5,992522.2620242799,840.2581745402176,1447.3266265399202,0.042109179051522096,4974.986275258225,0.005,1.002512066206814,4.999992862016306
575,SALLEN_KEY,short,5.000014933476407,4.987477495713683,4.974993177015907,0.35266791588631874,0.02,0.0,-14.035847851544112,195.00502498372674,1343.25,992522.2775561202,840.2588323676017,1447.3269479129674,0.042109176192237946,4974.986354050086,0.005,1.0025137833250373,4.99999288726559
576,SALLEN_KEY,short,5.00001272094857,4.987477532400933,4.974993213610374,0.3526679184939079,0.02,0.0,-14.035847849918845,195.0050249534644,99.5,992522.2919451839,840.2595820318627,1447.328025864871,0.04210917293297148,4974.98642724082,0.005,1.0025133323340711,4.9999930682007125
577,SALLEN_KEY,short,5.000007755549964,4.987477499550485,4.974993180845753,0.35266791612026194,0.02,0.0,-14.035847856072449,195.00502506804398,547.25,992522.2790278766,840.2587154495288,1447.3271999188717,0.04210917532824089,4974.98636170447,0.005,1.002512343364077,4.999992877455329
578,SALLEN_KEY,short,5.000010798448477,4.987477376969385,4.974993058565531,0.3526679075365318,0.02,0.0,-14.035847845883284,195.00502487832236,497.5,992522.2305373723,840.258763988721,1447.328242626061,0.04210917992681344,4974.9861171562825,0.005,1.0025129781113329,4.999992591732875
579,SALLEN_KEY,short,5.000008342602865,4.987477551844536,4.974993233003874,0.35266791988897433,0.02,0.0,-14.035847847470887,195.00502490788332,248.75,992522.2999739366,840.2590640107968,1447.3279372364455,0.042109177396498394,4974.986466030632,0.005,1.0025124505580372,4.999993259336521
580,SALLEN_KEY,short,5.000006900908545,4.987477517303575,4.974993198550449,0.3526679174314121,0.02,0.0,-14.035847849306908,195.00502494207004,1990.0,992522.2861172213,840.2594560722176,1447.328006452655,0.04210917571225344,4974.986397121727,0.005,1.0025121684381535,4.999993329487667
581,SALLEN_KEY,short,5.000005274675999,4.987477466027017,4.974993147403573,0.35266791378685164,0.02,0.0,-14.03584785158083,195.0050249844103,1243.75,992522.2656503082,840.2597042634625,1447.3281468408277,0.042109174804180985,4974.986294825456,0.005,1.0025118526819052,4.999993626073854
582,SALLEN_KEY,short,5.000012741953092,4.987477458560119,4.974993139952719,0.3526679132962038,0.02,0.0,-14.035847847054688,195.00502490013378,1194.0,992522.2626944483,840.2597207783936,1447.328923984098,0.042109175067851695,4974.98627992906,0.005,1.0025133513879763,4.999993241140332
583,SALLEN_KEY,short,5.000002999038502,4.987477505299986,4.974993186581006,0.35266791652478163,0.02,0.0,-14.035847856318677,195.0050250726288,1791.0,992522.2814428586,840.259789311002,1447.3285192939506,0.0421091772708301,4974.986373174675,0.005,1.0025113885175834,4.9999936085998
584,SALLEN_KEY,short,5.000013682261336,4.987477342582509,4.974993024263943,0.35266790511610957,0.02,0.0,-14.03584784453822,195.00502485327738,1243.75,992522.2168689279,840.2586431764519,1447.3281091725048,0.042109180203694085,4974.986048554778,0.005,1.0025135632340207,4.999992620906706
585,SALLEN_KEY,short,5.000009551997207,4.987477418921061,4.9749931004124255,0.35266791049974294,0.02,0.0,-14.03584784627363,195.00502488559067,298.5,992522.2471469573,840.258910514778,1447.3279205719373,0.04210917858694023,4974.986200849497,0.005,1.0025127197626205,4.999993195315619
586,SALLEN_KEY,short,5.000003130432185,4.987477430568349,4.9749931120357855,0.3526679112496008,0.02,0.0,-14.035847855210363,195.00502505199205,99.5,992522.2516721227,840.258465075211,1447.3269745302298,0.042109176858673256,4974.986224085733,0.005,1.0025114298837856,4.999992824231086
587,SALLEN_KEY,short,5.0000059441874525,4.987477492115045,4.97499317342639,0.3526679156302651,0.02,0.0,-14.035847851737019,195.0050249873186,1840.75,992522.2761052075,840.2599007066393,1447.3283819651997,0.04210917590503424,4974.986346870835,0.005,1.0025119816765518,4.999993770246899
588,SALLEN_KEY,short,5.0000044055186,4.987477426083339,4.974993107560973,0.3526679109469878,0.02,0.0,-14.035847853449786,195.00502501921028,298.5,992522.2498548679,840.2586081576692,1447.3270632704275,0.042109176370514534,4974.986215138179,0.005,1.0025116864428794,4.999992883477378
589,SALLEN_KEY,short,5.000008447980335,4.987477458306533,4.974993139703663,0.3526679132233095,0.02,0.0,-14.03584785371671,195.00502502418036,845.75,992522.2627105423,840.259636316342,1447.329038071307,0.04210917684004029,4974.986279423159,0.005,1.0025124904881388,4.999993114589777
590,SALLEN_KEY,short,5.000005631023655,4.987477476500751,4.97499315785081,0.3526679145313982,0.02,0.0,-14.035847851103055,195.00502497551403,1890.5,992522.2698939166,840.2599047250528,1447.3283653248598,0.04210917595752366,4974.98631572046,0.005,1.0025119220250984,4.99999375882051
591,SALLEN_KEY,short,5.000004497830629,4.987477463452438,4.974993144838632,0.35266791355974236,0.02,0.0,-14.035847857042393,195.00502508610433,398.0,992522.2647895078,840.2597438715386,1447.3290101317093,0.04210917730261038,4974.986289689194,0.005,1.0025116974402364,4.999993506108187
592,SALLEN_KEY,short,5.00000819565041,4.987477441138473,4.974993122578742,0.35266791200701153,0.02,0.0,-14.035847853999464,195.00502502944516,199.0,992522.2560109212,840.2593377585493,1447.328674508495,0.04210917888592375,4974.986245173033,0.005,1.0025124433463255,4.99999311954984
593,SALLEN_KEY,short,5.000010296676895,4.987477419072063,4.974993100564423,0.35266791049105156,0.02,0.0,-14.035847848621314,195.0050249293043,597.0,992522.2472072861,840.2584235061485,1447.327101267148,0.04210917858248186,4974.986201150747,0.005,1.0025128690421548,4.999993320574734
594,SALLEN_KEY,short,5.000005466648272,4.987477439689231,4.974993121134791,0.3526679118810793,0.02,0.0,-14.035847856842468,195.00502508238176,995.0,992522.2554515215,840.2593892085749,1447.3284596219385,0.04210917914380402,4974.986242281809,0.005,1.0025118964668083,4.999993337445544
595,SALLEN_KEY,short,5.000005662382225,4.9874774428079025,4.97499312424576,0.35266791210013004,0.02,0.0,-14.035847857020965,195.00502508570528,1044.75,992522.2566996058,840.2593317987687,1447.3283684854098,0.04210917924810278,4974.98624850353,0.005,1.0025119350850176,4.999993393530448
596,SALLEN_KEY,short,5.000000389305461,4.98747744577775,4.974993127208466,0.3526679123060016,0.02,0.0,-14.035847857521368,195.0050250950228,696.5,992522.2577913827,840.2584632999343,1447.32708062429,0.04210917786118975,4974.98625442835,0.005,1.0025108772247806,4.999992834353014
597,SALLEN_KEY,short,5.000008974880158,4.987477583502537,4.974993264583719,0.35266792211220654,0.02,0.0,-14.035847849328613,195.0050249424741,1940.25,992522.3123753848,840.259386762333,1447.3275765880303,0.04210917433811976,4974.9865291880615,0.005,1.0025125709675513,4.9999934002601165
598,SALLEN_KEY,short,5.000008939426287,4.987477537567823,4.974993218764493,0.35266791885697035,0.02,0.0,-14.035847850196639,195.0050249586369,1990.0,992522.2942083583,840.2590412704668,1447.327279482436,0.04210917610535345,4974.98643754872,0.005,1.0025125730921236,4.999993476213734
599,SALLEN_KEY,short,5.000009078818068,4.987477574645991,4.974993255749637,0.35266792148179127,0.02,0.0,-14.03584784983319,195.00502495186936,1990.0,992522.3088059997,840.2594680479151,1447.327690065654,0.04210917365446302,4974.9865115193315,0.005,1.0025125935875443,4.999993572181779
600,SALLEN_KEY,short,5.0000069389817074,4.9874775232892565,4.974993204521651,0.3526679178475647,0.02,0.0,-14.035847850167372,195.00502495809187,1990.0,992522.2884148007,840.259754902209,1447.3281415050299,0.04210917440697167,4974.986409063107,0.005,1.0025121748687476,4.999993563182557
601,SALLEN_KEY,short,5.000002148698925,4.9874774349333375,4.97499311639138,0.35266791153662175,0.02,0.0,-14.035847857832149,195.00502510080958,398.0,992522.2535252918,840.2584155079284,1447.3271402555522,0.04210917862825555,4974.986232793845,0.005,1.0025112321667586,4.999993216463652
602,SALLEN_KEY,short,5.000007291730299,4.987477442342519,4.974993123779609,0.3526679120944903,0.02,0.0,-14.03584785371586,195.00502502416444,99.5,992522.2564889044,840.2583216106293,1447.3269776146456,0.04210917886877731,4974.986247575095,0.005,1.0025122618663704,4.999993051229721
603,SALLEN_KEY,short,5.000002295704649,4.987477386278313,4.974993067856621,0.3526679081176864,0.02,0.0,-14.03584785522682,195.00502505229846,298.5,992522.2341461912,840.2587509007341,1447.3277272982764,0.04210917842029803,4974.9861357275095,0.005,1.00251127142166,4.999992800078519
604,SALLEN_KEY,short,5.000001651983125,4.98747739190347,4.974993073468181,0.35266790850864127,0.02,0.0,-14.03584785605151,195.00502506765417,99.5,992522.2363880957,840.2586816104006,1447.3276136121228,0.042109178464417314,4974.986146949648,0.005,1.0025111412234142,4.999992642046228
605,SALLEN_KEY,short,5.000002360014337,4.9874774087570675,4.974993090279212,0.3526679097057235,0.02,0.0,-14.035847855402688,195.00502505557307,99.5,992522.2430785549,840.2587394022208,1447.327776679815,0.04210917819981463,4974.986180572423,0.005,1.0025112797975342,4.99999259537301
606,SALLEN_KEY,short,5.0000032866556,4.987477408408729,4.97499308993306,0.35266790966256545,0.02,0.0,-14.035847857648312,195.0050250973866,348.25,992522.242982031,840.2584618500528,1447.3272150946727,0.042109178838956936,4974.986179877491,0.005,1.002511465661128,4.999993241353514
607,SALLEN_KEY,short,5.000005322969384,4.987477428866421,4.974993110336315,0.35266791115467455,0.02,0.0,-14.035847852129427,195.0050249946252,398.0,992522.250905056,840.2593796614669,1447.3282263257531,0.04210917549352426,4974.9862206904,0.005,1.0025118698343285,4.999992879708758
608,SALLEN_KEY,short,5.000001370931424,4.987477373134206,4.974993054745658,0.35266790718484564,0.02,0.0,-14.035847855640396,195.00502505999924,99.5,992522.2289299519,840.2588194309541,1447.3279086289947,0.042109178651659813,4974.9861095051365,0.005,1.0025110886446684,4.99999256655423
609,SALLEN_KEY,short,4.999999510508759,4.987477442060314,4.97499312350041,0.3526679120420918,0.02,0.0,-14.035847857648314,195.00502509738672,597.0,992522.2563058145,840.2586756329528,1447.3274401869471,0.042109177768505514,4974.986247012099,0.005,1.0025107017713693,4.999992741344402
610,SALLEN_KEY,short,5.000007384664631,4.987477523761571,4.9749932049948935,0.3526679178511734,0.02,0.0,-14.035847853778058,195.00502502532265,1243.75,992522.2887166237,840.2588788851057,1447.3271787251579,0.04210917614294132,4974.98641000537,0.005,1.002512264134197,4.999993131161346
611,RC_LADDER,normal,5.0,4.878173771338738,4.83029672398731,0.6817718838546064,0.005728643216080403,0.010502512562814072,-5.109742087266629,27.377771893343944,52.368421052631575,942570.2009958023,122.556990992304,235.50812601651438,0.12717295196914494,4759.3158686754405,0.005,1.0249737369703886,5.0
612,RC_LADDER,normal,4.999965,4.639743918679328,4.516174847966955,1.0636674167767177,0.017663316582914573,0.03198492462311558,-2.7154238906021972,6.767133279486506,52.368421052631575,838464.3188633685,115.75132477809471,228.44816457265688,0.27262428715566306,4305.4447261843625,0.005,1.0776381385770977,4.999934721327531
613,RC_LADDER,normal,4.995794,4.389027101314502,4.202537248545218,1.2657960225341083,0.029597989949748747,0.05251256281407035,-1.899231125103473,2.6232598421802757,52.368421052631575,738500.6898541522,116.38478085228505,228.8110058405839,0.3837537045889692,3852.711779214636,0.005,1.13824633220054,4.993926987882133
614,RC_LADDER,normal,4.966879,4.129329198578506,3.894049698029554,1.3739492638045037,0.040100502512562815,0.06922110552763819,-1.4441633254567734,0.9552787025251472,52.368421052631575,644302.7406617576,118.67742863997886,230.50199116704619,0.4751024162710507,3410.271926046601,0.005,1.202829505990904,4.957123961968362
615,RC_LADDER,normal,4.895607,3.869549662354878,3.5990975206702496,1.4212359501982823,0.049170854271356784,0.0792462311557789,-1.1469644768268177,0.11321432460478764,52.368421052631575,558541.3498465117,121.326096580022,232.42293992993308,0.5518003775604388,2994.682917886151,0.005,1.2651619509182621,4.872628365459631
616,RC_LADDER,normal,4.783133,3.618371586791621,3.3243039668833307,1.4288513134209126,0.055376884422110556,0.08402010050251257,-0.9362211554080774,-0.3665536505598781,52.368421052631575,482875.0590835728,123.86140973972465,234.2183120566483,0.6167654929555103,2618.522588020183,0.005,1.3219021002321,4.7450417586421425
617,RC_LADDER,normal,4.640142,3.3812996362454784,3.072661106358059,1.411361383752678,0.05919597989949749,0.08688442211055276,-0.7783409974678022,-0.6627488735474527,52.368421052631575,417491.3651208073,126.14511183701944,235.79921723378294,0.6722758163393175,2286.637446014761,0.005,1.372295418678811,4.587570232652091
618,RC_LADDER,normal,4.478232,3.1608920893127253,2.8444439599841225,1.3785417508329623,0.06253768844221105,0.08831658291457287,-0.6550936878642054,-0.8565892022564916,52.368421052631575,361644.51574318745,128.1632847132417,237.16826786344686,0.720189923727107,1998.247760055953,0.005,1.4167620638304375,4.412990408452323
619,RC_LADDER,normal,4.306744,2.957761703372783,2.6384303380775993,1.3368020216361114,0.06444723618090452,0.08974874371859297,-0.5557161602627714,-0.9891194441193343,52.368421052631575,314195.70175217517,129.94201051880057,238.35348443090834,0.7619894073215396,1749.6708587877338,0.005,1.456082143158778,4.230981689487935
620,RC_LADDER,normal,4.132344,2.771418845767333,2.452737596582293,1.2902870614658026,0.06587939698492463,0.09022613065326633,-0.4734698169634506,-1.0827759543895574,52.368421052631575,273935.8218737272,131.51611909672513,239.38595408557768,0.7988332955531914,1536.1524837348675,0.005,1.491057191269067,4.048135974200863
621,RC_LADDER,normal,3.959477,2.600822402434481,2.2852948097880446,1.2416540586495453,0.06683417085427135,0.09070351758793971,-0.40393943306325475,-1.150612601456767,52.368421052631575,239738.9551218735,132.91841462799817,240.2928953083487,0.8316217765117023,1352.8554338010129,0.005,1.5223942228018954,3.8686627669438947
622,RC_LADDER,normal,3.790962,2.4447041337940316,2.134081065168065,1.1925922643891187,0.06731155778894472,0.09118090452261307,-0.3441218468686476,-1.2006270117486908,52.368421052631575,210619.40705048825,134.17698464129666,241.0967628937756,0.8610547711847403,1195.3156603579253,0.005,1.550683351656406,3.69510060797228
623,RC_LADDER,normal,3.628485,2.301748283099317,1.997232578793826,1.1441622196853103,0.0677889447236181,0.09118090452261307,-0.29190854711778785,-1.2379380769799544,52.368421052631575,185741.31308100835,135.3147832068585,241.81534044850576,0.8876795779801698,1059.6090317501305,0.005,1.576403912904944,3.528869213862438
624,RC_LADDER,normal,3.47297,2.1706847528963076,1.8730802508566438,1.0970153464319978,0.06826633165829146,0.09165829145728643,-0.24577773424285695,-1.2659478635529164,52.368421052631575,164407.55074154312,136.35033855415375,242.46268253432714,0.91192781829311,942.3744592913007,0.005,1.5999421359393968,3.3706594640316316
625,RC_LADDER,normal,3.324841,2.05033333737933,1.7601529820719763,1.051536149674461,0.06826633165829146,0.09165829145728643,-0.20460442090056863,-1.2869924072207872,52.368421052631575,146041.49259265373,137.29862855255226,243.04999398183762,0.934143244917269,840.7733588738123,0.005,1.6216099789167477,3.2206972055377188
626,RC_LADDER,normal,3.184197,1.9396206853118916,1.6571649173896998,1.0079349381098768,0.06826633165829146,0.09213567839195981,-0.16753801802122495,-1.3027225870865962,52.368421052631575,130167.7510501978,138.17171756134962,243.58612531943564,0.9546026721444665,752.4256805779544,0.005,1.6416596420696454,3.0789188117747073
627,RC_LADDER,normal,3.050933,1.8375824181872815,1.5629964564387466,0.9663080361825298,0.06826633165829146,0.09213567839195981,-0.13392332550556807,-1.3143340182809293,52.368421052631575,116394.50903454595,138.9794717523908,244.07828023588206,0.9735312957321675,675.3418287262034,0.005,1.660297230645933,2.9450855871884203
628,RC_LADDER,normal,2.924816,1.7433583256503051,1.476674062425353,0.9266779186828833,0.06826633165829146,0.09213567839195981,-0.10324652684331545,-1.3227119422833788,52.368421052631575,104398.36409526714,139.72986777516567,244.53216465328146,0.9911142678818433,607.8596503228471,0.005,1.677690671485444,2.818858392954753
629,RC_LADDER,normal,2.805543,1.6561839013556774,1.3973507653522512,0.8890196587698105,0.06826633165829146,0.09213567839195981,-0.07509794116343897,-1.3285244679386077,52.368421052631575,93911.67326008133,140.4296013123829,244.9525599821622,1.0075055140989724,548.5890230219425,0.005,1.6939803591276967,2.699845851961666
630,RC_LADDER,normal,2.692771,1.5753805969091281,1.32428849210218,0.8532783923219285,0.06826633165829146,0.09261306532663317,-0.04914636098646971,-1.3322839856409197,52.368421052631575,84712.19074998485,141.08418106607172,245.34333937789523,1.022834194149005,496.36480502355215,0.005,1.709282826818595,2.587634928440557
631,RC_LADDER,normal,2.586144,1.5003465157959734,1.256842890318911,0.8193812400317221,0.06826633165829146,0.09261306532663317,-0.025120713114403267,-1.3343892514643054,52.368421052631575,76614.71387906358,141.69836907290548,245.70787702182034,1.0372096416039964,450.2079334922234,0.005,1.7236978076547753,2.481810373411572
632,RC_LADDER,normal,2.485303,1.4305472127839698,1.1944497987974136,0.7872452007835945,0.06826633165829146,0.09261306532663317,-0.0027960445224206112,-1.3351549681946913,52.368421052631575,69464.28841606522,142.27613358750605,246.0489357515411,1.050725302035509,409.29306560079687,0.005,1.7373093161765583,2.3819660464414203
633,RC_LADDER,normal,2.389898,1.3655075141844848,1.1366139203834262,0.7567823777579062,0.06826633165829146,0.09261306532663317,0.018016524774021846,-1.3348311007344056,52.368421052631575,63130.75662388293,142.8209242782774,246.3689079992544,1.0634618171983075,372.92215425885826,0.005,1.7501902956772133,2.2877130108343735
634,RC_LADDER,normal,2.29959,1.304804410142036,1.0828993675690644,0.727903502151643,0.0677889447236181,0.09261306532663317,0.03747597385658844,-1.3336195223061373,52.368421052631575,57504.37580837722,143.3355920269827,246.66968833092466,1.075488819656385,340.50290974522125,0.005,1.7624020750739762,2.198681918212475
635,RC_LADDER,normal,2.214059,1.2480604028595017,1.0329211643830838,0.7005202619163247,0.06826633165829146,0.09261306532663317,0.055718669520730846,-1.3316835252257884,52.368421052631575,52492.233639725666,143.8227376757528,246.95306017875626,1.0868673835892162,311.5309538371643,0.005,1.773999876069495,2.1145259122363567
636,RC_LADDER,normal,2.133004,1.1949380813841866,0.9863384910021373,0.6745468104659211,0.06778894472361809,0.09261306532663317,0.07286206561332852,-1.32915626587907,52.368421052631575,48015.384178963206,144.28470857468167,247.22065649117357,1.0976513143616373,285.5754036684242,0.005,1.7850330768010851,2.0349208712479836
637,RC_LADDER,normal,2.05614,1.1451350902153041,0.942848693334779,0.649900543405922,0.06731155778894472,0.09261306532663317,0.08900743827076898,-1.3261477267931367,52.368421052631575,44006.49171159042,144.72344084561138,247.47374407554662,1.1078878719389316,262.26687496848257,0.005,1.7955436153942432,1.95956428010422
638,RC_LADDER,normal,1.983201,1.0983800297588842,0.9021823132388345,0.6265028040257706,0.0677889447236181,0.09261306532663317,0.10424360730441408,-1.322748325513083,52.368421052631575,40407.926412591914,145.1406981255059,247.7135368732602,1.1176192778486465,241.28773795462547,0.005,1.8055690619533125,1.8881757313911987
639,RC_LADDER,normal,1.91394,1.0544286078639702,0.8640987156758148,0.604278990739673,0.06731155778894474,0.09309045226130654,0.11864832449427493,-1.3190332355015169,52.368421052631575,37170.185815874414,145.53807662989624,247.94103295033776,1.126883229474031,222.36393781639003,0.005,1.8151442266700277,1.8204947438489867
640,RC_LADDER,normal,1.848127,1.0130607491748527,0.8283826456580755,0.5831588753429386,0.0677889447236181,0.09309045226130654,0.13229044222237551,-1.315065172720305,52.368421052631575,34250.626944718424,145.91706107894734,248.15727844181907,1.135713536211872,205.25841630374273,0.005,1.824300271731302,1.756280210642974
641,RC_LADDER,normal,1.785545,0.9740774794001928,0.7948408708898563,0.5630763055196762,0.06731155778894472,0.09309045226130654,0.14523085433540192,-1.3108963826994706,52.368421052631575,31612.379543980154,146.27875767182482,248.36292230329312,1.1441405771564601,189.76538717492662,0.005,1.833062603089319,1.695308742596741
642,RC_LADDER,normal,1.725997,0.9372985747095355,0.7632995270504906,0.5439691628732496,0.06731155778894472,0.09309045226130654,0.15752385140256056,-1.3065705370683878,52.368421052631575,29223.470104649277,146.62452464563765,248.55894733035294,1.1521919213996268,175.70572363050533,0.005,1.8414591108653702,1.6373732917883994
643,RC_LADDER,normal,1.669296,0.9025608376965105,0.7336020766270263,0.5257794774541333,0.06683417085427136,0.09309045226130654,0.1692180556421109,-1.3021249581761363,52.368421052631575,27056.11166701873,146.95526293299497,248.74583320021088,1.1598924665169439,162.92321314868533,0.005,1.8495107811904719,1.5822822412569495
644,RC_LADDER,normal,1.615271,0.8697157598662711,0.7056069544974936,0.5084528775850693,0.06731155778894472,0.09309045226130654,0.18035724490056798,-1.2975901588742476,52.368421052631575,25086.061485647766,147.27205502060082,248.92436466427569,1.1672650569867984,151.2811005919531,0.005,1.8572401174475286,1.5298584407047247
645,RC_LADDER,normal,1.56376,0.8386281731894177,0.6791860357908283,0.4919385547543106,0.06683417085427136,0.09309045226130654,0.19098067786148376,-1.2929924946351241,52.368421052631575,23292.125065950204,147.5756264626844,249.0949365253594,1.1743302865380856,140.65944257340402,0.005,1.864664281492961,1.4799372275472635
646,RC_LADDER,normal,1.514615,0.8091747627281038,0.6542230566393235,0.47618902633049376,0.06683417085427136,0.09309045226130654,0.20112390274322078,-1.2883540045275983,52.368421052631575,21655.72047751344,147.86684785625326,249.25810077903543,1.1811071171392882,130.95275932721663,0.005,1.8718020751086324,1.4323660584541256
647,RC_LADDER,normal,1.467698,0.7812429376382705,0.6306123870625435,0.4611599992334064,0.06635678391959798,0.09309045226130654,0.21081944858746063,-1.2836928541405002,52.368421052631575,20160.52102593491,148.14653095233803,249.41447241748682,1.1876130594140797,122.06810552193492,0.005,1.8786704228481237,1.3870035872994402
648,RC_LADDER,normal,1.422879,0.7547296750892986,0.6082578516299663,0.4468101032775514,0.06635678391959798,0.09309045226130654,0.2200966117118803,-1.2790249564556415,52.368421052631575,18792.144478016715,148.41522375205295,249.56428017904,1.1938640429013092,113.92337649207964,0.005,1.8852829654957544,1.343718533429978
649,RC_LADDER,normal,1.380039,0.7295404613712515,0.5870716536084806,0.43310063300251905,0.06683417085427137,0.09309045226130654,0.2289821361621563,-1.2743634362717295,52.368421052631575,17537.887693194003,148.6736814466071,249.7080680913373,1.1998747922813786,106.4458569555557,0.005,1.891655189906897,1.302388707622456
650,RC_LADDER,normal,1.339065,0.7055885957013969,0.5669736013768685,0.4199954782204365,0.066356783919598,0.09309045226130654,0.2375005270643502,-1.2697194338393873,52.368421052631575,16386.51209690099,148.92239179904394,249.84614031530538,1.2056588301876303,99.57105327677385,0.005,1.8977985304154328,1.2629006219055974
651,RC_LADDER,normal,1.299853,0.6827943397408763,0.5478902694657002,0.4074608729767581,0.066356783919598,0.09309045226130654,0.24567425578106675,-1.2651019995957542,52.368421052631575,15328.049632647908,149.16189613411876,249.9787857553246,1.2112288284463435,93.24162207643586,0.005,1.9037255061213605,1.2251488547122507
652,RC_LADDER,normal,1.262305,0.6610843910736585,0.5297544153111147,0.3954653354968154,0.066356783919598,0.09309045226130654,0.25352406446137377,-1.2605191449506423,52.368421052631575,14353.646645299998,149.39264671568213,250.10631537333725,1.216596311878325,87.40651442424596,0.005,1.909446081384416,1.1890351355447764
653,RC_LADDER,normal,1.226332,0.6403910500905814,0.5125042135753749,0.38397933291207753,0.06587939698492463,0.09309045226130654,0.261069130176781,-1.2559765992428222,52.368421052631575,13455.414464946265,149.61528352344746,250.22917042718794,1.2217723886871152,82.0201394072235,0.005,1.914973670894587,1.154467936185225
654,RC_LADDER,normal,1.191847,0.6206518388338753,0.49608282910916324,0.372975242758711,0.06587939698492463,0.09309045226130654,0.26832657939324084,-1.251480413835063,52.368421052631575,12626.316234938065,149.83002637278798,250.34738469250308,1.226766825734528,77.04174100957415,0.005,1.920314942173259,1.121361587190432
655,RC_LADDER,normal,1.158771,0.6018090507197921,0.480437949665032,0.3624272479407661,0.066356783919598,0.09309045226130654,0.2753126334729702,-1.247035028863548,52.368421052631575,11860.064038729723,150.03733463822823,250.46128680762786,1.231588945507873,72.43482670565146,0.005,1.9254795164912444,1.08963639877535
656,RC_LADDER,normal,1.12703,0.5838092904621665,0.46552134140700985,0.35231118109500353,0.06587939698492462,0.09309045226130654,0.28204255275153256,-1.2426434014509233,52.368421052631575,11151.027918927173,150.23759034319417,250.57110102156125,1.236247640785617,68.16665752598765,0.005,1.9304763017864937,1.0592180993957823
657,RC_LADDER,normal,1.096555,0.5666030136490182,0.45128842674741476,0.3426043358744788,0.06587939698492462,0.09309045226130654,0.28852980523706945,-1.2383091569692624,52.368421052631575,10494.155649304359,150.43124904368338,250.67716669085416,1.2407508649847545,64.20779501522989,0.005,1.9353144504791853,1.0300367343081498
658,RC_LADDER,normal,1.06728,0.5501443796529978,0.4376980609807728,0.33328553205540346,0.06587939698492462,0.09309045226130654,0.2947877792655588,-1.2340337102641277,52.368421052631575,9884.911924896884,150.61849596480647,250.779502925626,1.2451064478852278,60.53176769275635,0.005,1.9399998245427577,1.002027609882683
659,RC_LADDER,normal,1.039144,0.5343907306251651,0.424712107630458,0.32433482484955567,0.06540201005025126,0.09309045226130654,0.3008283253495519,-1.2298190361394243,52.368421052631575,9319.212401428049,150.799677556791,250.8783763761146,1.2493214437907192,57.11469059561955,0.005,1.944539716817958,0.9751296057749362
660,RC_LADDER,normal,1.01209,0.5193023841395908,0.41229520885623977,0.31573347451173556,0.06540201005025126,0.09309045226130654,0.30666240217792634,-1.2256667370924514,52.368421052631575,8793.374987756855,150.975144364838,250.97402137684546,1.2534024129432333,53.93499323461263,0.005,1.948941562586675,0.9492854434208976
661,RC_LADDER,normal,0.9989512,0.5119960796722091,0.40628982487187315,0.31155828315949774,0.06540201005025126,0.09309045226130654,0.3095052493372692,-1.2236143835591018,52.368421052631575,8544.353705866723,151.0607437733586,251.02061211051375,1.2553945351947704,52.42799711994222,0.005,1.951091501793432,0.9367416990908582
662,RC_LADDER,drift,5.0,4.819669318959324,4.751795998386586,0.8060069068159725,0.00907035175879397,0.015753768844221108,-4.105822574901214,17.211519632219293,52.368421052631575,916178.7452935942,119.00331710717785,231.66725652044406,0.16850600623973847,4645.842468823566,0.005,1.0374155712989068,5.0
663,RC_LADDER,drift,4.998147,4.454076542748666,4.282316276824688,1.2249755727794132,0.026256281407035176,0.04773869346733669,-2.0583454827835985,3.3150100368543027,52.368421052631575,763543.7405747118,115.98056005776482,228.51711258165824,0.3576079124189177,3967.7595697327815,0.005,1.1221511242632534,4.997202397609582
664,RC_LADDER,drift,4.953866,4.06661988139632,3.821717555191677,1.3899180508603992,0.04248743718592965,0.07208542713567839,-1.3621425222508072,0.7034444825333073,52.368421052631575,622861.5173274038,119.30684927010306,230.96254238289185,0.4947199945722188,3307.479451953564,0.005,1.2181777851091,4.941296281935633
665,RC_LADDER,drift,4.816411,3.68372603796214,3.394933216384098,1.4297782971678403,0.053467336683417084,0.08306532663316583,-0.9859110497411859,-0.2621524712136809,52.368421052631575,501911.08415137546,123.21164347971745,233.76224473356606,0.6005562055885685,2713.9675045520494,0.005,1.307483496428651,4.782339555974675
666,RC_LADDER,drift,4.604195,3.3290838314052484,3.018124585049486,1.404892574414042,0.06015075376884423,0.08736180904522614,-0.7474049823831651,-0.7144777289678217,52.368421052631575,403840.1569347236,126.6321797868416,236.1320114436471,0.6839091867685075,2216.5598313047694,0.005,1.3830216459453082,4.5485262977102625
667,RC_LADDER,drift,4.354431,3.0119146647806954,2.692972309204407,1.348899584765039,0.06396984924623116,0.0892713567839196,-0.5811042510443881,-0.9572772247892298,52.368421052631575,326476.97057800344,129.47476433839805,238.04408009009683,0.751032436521457,1814.3259895842018,0.005,1.4457351833097358,4.28134684501125
668,RC_LADDER,drift,4.094061,2.7325789149223674,2.4144066687395935,1.279698387989952,0.066356783919598,0.09022613065326633,-0.4572043256939254,-1.0995774220714793,52.368421052631575,265929.0415634394,131.83827645092913,239.59536118995402,0.8063675487832049,1493.3975052556607,0.005,1.4982407196523042,4.008252343026644
669,RC_LADDER,drift,3.83843,2.487799658780066,2.175635520624404,1.2065476466445877,0.06731155778894472,0.09118090452261307,-0.3603160664896013,-1.187851183023539,52.368421052631575,218452.58763618817,133.83149962772515,240.8770374960574,0.8529739356971376,1237.8294284452425,0.005,1.5429015702503304,3.743864471170319
670,RC_LADDER,drift,3.595229,2.2732794584766878,1.9701595563904142,1.1341388004541548,0.06778894472361809,0.09165829145728643,-0.28175910158411005,-1.2445006242710337,52.368421052631575,180988.1838641901,135.54018122510155,241.95678095236332,0.8929561927443276,1033.5598992664125,0.005,1.5815165120126249,3.4949666988746615
671,RC_LADDER,drift,3.367761,2.0847886021634836,1.792378597837213,1.0647640479119678,0.06826633165829146,0.09165829145728643,-0.21628957451646058,-1.281400643658866,52.368421052631575,151180.7133228168,137.027220188783,242.88244373516477,0.9277836414403221,869.2687031421544,0.005,1.6153968783718,3.2640780429364007
672,RC_LADDER,drift,3.15696,1.9185479718882392,1.6376587221593448,0.9994499638160474,0.06826633165829146,0.09213567839195981,-0.16055719598612633,-1.3053422221796163,52.368421052631575,127256.29831660289,138.33822675663512,243.68788347218762,0.9585044080388528,736.1652640872952,0.005,1.6454944292546998,3.0515262166390196
673,RC_LADDER,drift,2.962541,1.7713160374772772,1.5022238188746726,0.9385542619528168,0.06826633165829146,0.09213567839195981,-0.11231781636726153,-1.3204559115420873,52.368421052631575,107885.83927629587,139.50663424482119,244.39745573799163,0.9858843165974898,627.5121009248405,0.005,1.6725084272478417,2.856574301360993
674,RC_LADDER,drift,2.783627,1.640360408206434,1.3830080339211444,0.882083355993497,0.06826633165829146,0.09213567839195981,-0.07000705400054123,-1.3293832151180474,52.368421052631575,92070.84219306259,140.55729519211252,245.02898464594324,1.0104961596690738,538.1564537622357,0.005,1.6969606106523938,2.6780151259683107
675,RC_LADDER,drift,2.619091,1.523393445283788,1.2775179321906225,0.8298647613105437,0.06826633165829146,0.09261306532663317,-0.03249548345519148,-1.3338840516067307,52.368421052631575,79056.45413309525,141.5090424081015,245.59575372068264,1.0327782768903588,464.14551782672197,0.005,1.7192479120271507,2.5144809053302635
676,RC_LADDER,drift,2.467739,1.4185017029018685,1.1837163771137102,0.7816409787672938,0.06826633165829146,0.09261306532663317,0.0010568628018281865,-1.3351705974881278,52.368421052631575,68267.39537121521,142.37654865850757,246.10804014948002,1.053073231990221,402.4294162271001,0.005,1.739679970035762,2.3645988743438466
677,RC_LADDER,drift,2.328401,1.3240812069962553,1.0999290504667152,0.7371208358607502,0.0677889447236181,0.09261306532663317,0.03129133565622524,-1.3340999761325087,52.368421052631575,59261.37992159886,143.17146544287203,246.57392229620535,1.0716539704637746,350.6382085441321,0.005,1.7585031701205809,2.227065887584188
678,RC_LADDER,drift,2.199972,1.238782855592551,1.0247713486782979,0.6960076481175319,0.06778894472361809,0.09261306532663317,0.058707668068678116,-1.331292304660439,52.368421052631575,51695.39342769304,143.90299022966357,246.99961815970065,1.0887412296406735,306.916592662007,0.005,1.775914148365962,2.1006805967679836
679,RC_LADDER,drift,2.081439,1.161466777800372,0.9570905960073972,0.6580141844733925,0.06778894472361809,0.09261306532663317,0.08370415411456227,-1.3272033151503655,52.368421052631575,45301.09387440251,144.57891152238003,247.39046822095614,1.104516861530557,269.8010151867958,0.005,1.7920779481457962,1.984353314830336
680,RC_LADDER,drift,1.971879,1.091165380350681,0.8959212479874931,0.6228699741361585,0.0677889447236181,0.09261306532663317,0.10660233664670889,-1.3221733334420513,52.368421052631575,39866.82386761206,145.2056113672097,247.75075272575492,1.1191320381726406,238.1283774551692,0.005,1.8071311970750699,1.8771041264642612
681,RC_LADDER,drift,1.870457,1.0270535969728538,0.8404496805926227,0.5903248473905155,0.06731155778894474,0.09309045226130654,0.1276662337443478,-1.3164592122714727,52.368421052631575,35224.334713486234,145.78833645487984,248.0839359152845,1.13271415457241,210.96781821097542,0.005,1.8211873319104284,1.778056961905174
682,RC_LADDER,drift,1.776424,0.9684242593863017,0.7899861370896155,0.5601494884172743,0.06731155778894472,0.09309045226130654,0.14711474090742518,-1.3102566329495409,52.368421052631575,31238.86940919929,146.33162079969372,248.39295049265462,1.1453715391740944,187.5691092335814,0.005,1.8343447954574519,1.6864296081935588
683,RC_LADDER,drift,1.68911,0.9146686796866857,0.7439427646483041,0.5321352802880325,0.06683417085427136,0.09309045226130654,0.16513235143372196,-1.303714787792831,52.368421052631575,27801.751181790285,146.83950320423585,248.68047972148554,1.1571974797498739,167.32375871995697,0.005,1.8466905421738005,1.6015253488211134
684,RC_LADDER,drift,1.607911,0.8652606595534356,0.7018160561051602,0.5060931064180234,0.06731155778894472,0.09309045226130654,0.1818746785070076,-1.2969498728811815,52.368421052631575,24824.760675248788,147.3152763001472,248.94864861090022,1.168272186585202,149.73520179416926,0.005,1.8582966673069932,1.522722423190055
685,RC_LADDER,drift,1.532288,0.8197432052483565,0.6631724725919829,0.4818518383767824,0.06683417085427136,0.09309045226130654,0.19747517562292735,-1.2900505477864703,52.368421052631575,22235.828167513617,147.7619566757946,249.19938912370182,1.1786658776406411,134.39578451016982,0.005,1.869229278375982,1.4494663739828633
686,RC_LADDER,drift,1.461756,0.777718124535044,0.627637236247028,0.4592569878689909,0.06635678391959798,0.09309045226130654,0.2120486166659459,-1.2830860815179013,52.368421052631575,19975.74826462393,148.18210349232726,249.43434503035454,1.1884398283653217,120.96909624606123,0.005,1.8795447269200596,1.381261828093817
687,RC_LADDER,drift,1.39588,0.7388369124367661,0.5948848074220746,0.43816897320268455,0.06683417085427137,0.09309045226130654,0.22569426814967075,-1.2761101903318226,52.368421052631575,17995.60333572472,148.57799493309233,249.6549261978907,1.1976479847130326,109.17599663581872,0.005,1.8892938028721833,1.317665540721885
688,RC_LADDER,drift,1.334268,0.7027936821606665,0.564631414461382,0.4184618566706969,0.066356783919598,0.09309045226130654,0.2384991832087899,-1.2691637636216404,52.368421052631575,16254.775741834677,148.95155812953166,249.86229864636016,1.2063382900748783,98.78379193698957,0.005,1.8985201971337178,1.2582807811464831
689,RC_LADDER,drift,1.27657,0.669318829598365,0.536628630219928,0.40002176051211114,0.066356783919598,0.09309045226130654,0.25053916707242585,-1.2622788460134915,52.368421052631575,14719.364588603,149.30481360630523,250.05781034369602,1.2145531674647696,89.59753913098504,0.005,1.907267424055626,1.2027511209753112
690,RC_LADDER,drift,1.222467,0.6381740944728803,0.5106582613352458,0.3827457576333727,0.06587939698492463,0.09309045226130654,0.2618810645935628,-1.2554799238361205,52.368421052631575,13360.948650991148,149.6392588231199,250.2423677503352,1.2223304092720195,81.45323497125617,0.005,1.9155697647202907,1.1507560510769241
691,RC_LADDER,drift,1.171672,0.6091483265028033,0.4865280554716056,0.36654076842853933,0.066356783919598,0.09309045226130654,0.27258441996796334,-1.248784929960964,52.368421052631575,12155.597324194976,149.9562602668487,250.4167389776798,1.2297040913532504,74.21233673623315,0.005,1.9234592775239416,1.1020075732971368
692,RC_LADDER,drift,1.123927,0.5820537427014058,0.46406799032326007,0.3513224441308081,0.06587939698492462,0.09309045226130654,0.2827019893045711,-1.2422073256405337,52.368421052631575,11083.072083762665,150.25729342511667,250.58192637515788,1.2367048473620421,67.75731187854285,0.005,1.9309677398235987,1.056245417876308
693,RC_LADDER,drift,1.078996,0.5567228806118019,0.44312726627176074,0.3370142306835405,0.06587939698492462,0.09309045226130654,0.29228038212961494,-1.2357576305551345,52.368421052631575,10126.189262885102,150.5434313219636,250.73853186305533,1.2433599236708215,61.98807315934053,0.005,1.938120450185655,1.0132342321525827
694,RC_LADDER,drift,1.036666,0.5330061041822992,0.42357178931279327,0.3235466680309822,0.06540201005025126,0.09309045226130654,0.30136172697656693,-1.2294426525764015,52.368421052631575,9270.306564219967,150.81575131495052,250.88718979392203,1.2496941687113374,56.81910141911839,0.005,1.9449420782720317,0.972761320891083
695,RC_LADDER,drift,0.9967427,0.5107693092505109,0.4052819552311295,0.3108565972217363,0.06540201005025126,0.09309045226130654,0.30998376109130465,-1.2232670675783548,52.368421052631575,8502.900014130195,151.0751616631123,251.02845335274068,1.2557300880861337,52.1770574544488,0.005,1.9514537814783612,0.9346336630629052
696,RC_LADDER,drift,0.9590505,0.4898920465966119,0.38815082562149905,0.298886523429822,0.06540201005025126,0.09309045226130654,0.3181805458173378,-1.2172333852493382,52.368421052631575,7813.221351902909,151.32262555440096,251.1629224734664,1.2614882426438239,47.99884346372339,0.005,1.9576772202421644,0.8986760562808339
697,RC_LADDER,drift,0.9234284,0.47026585598586124,0.3720825229913929,0.287584024922238,0.06540201005025126,0.0935678391959799,0.32598276704213813,-1.2113429368571298,52.368421052631575,7192.014890814621,151.55892218515814,251.29105939521094,1.2669872173957077,44.22999506122296,0.005,1.9636305469469664,0.864729050252865
698,RC_LADDER,drift,0.8897295,0.45179289234785064,0.35699090941044803,0.2769012606947427,0.06540201005025126,0.0935678391959799,0.3334182016918605,-1.205595866394669,52.368421052631575,6631.286163195603,151.78475779131347,251.41326618905512,1.2722439882427194,40.82336351520731,0.005,1.9693304500128503,0.8326473670322445
699,RC_LADDER,drift,0.8578197,0.4343846804425092,0.3427984001945953,0.2667945041172456,0.06540201005025126,0.0935678391959799,0.3405120183183648,-1.1999915187994699,52.368421052631575,6124.108487667641,152.0008204900463,251.52996157498566,1.2772740769218178,37.73801012062817,0.005,1.974792709370266,0.8022984301700984
700,RC_LADDER,drift,0.8275762,0.4179610746727269,0.32943497746040357,0.2572237461185189,0.0649246231155779,0.0935678391959799,0.3472872884255296,-1.1945281131772565,52.368421052631575,5664.463488281769,152.20771735427135,251.6414913010725,1.282091791221628,34.93829198831616,0.005,1.9800317545073092,0.7735611748920462
701,RC_LADDER,drift,0.7988863,0.40244931059454303,0.316837302721634,0.24815231452094622,0.0649246231155779,0.0935678391959799,0.3537649289530313,-1.1892036866281377,52.368421052631575,5247.10681347453,152.40601113202663,251.7481949421059,1.28671017423515,32.393089519604594,0.005,1.9850606746469415,0.7463246802073791
702,RC_LADDER,drift,0.7716467,0.3877832399028913,0.3049479925994493,0.23954657784896358,0.0649246231155779,0.0935678391959799,0.3599640291668576,-1.1840158237660574,52.368421052631575,4867.457339650155,152.59622831742587,251.8503813815066,1.2911412394548327,30.075168229916677,0.005,1.989891827695379,0.72048737524902
703,RC_LADDER,drift,0.7457623,0.37390257022231765,0.2937149177452165,0.23137562341952933,0.06444723618090452,0.0935678391959799,0.3659022363177482,-1.1789614993363802,52.368421052631575,4521.50171132459,152.77884307758129,251.94832624716676,1.295396115105132,27.960626403771034,0.005,1.9945364364748264,0.695956014435039
704,RC_LADDER,drift,0.7211456,0.3607523245962871,0.2830906913658836,0.22361104660461412,0.06444723618090452,0.0935678391959799,0.3715955727540836,-1.174037801500389,52.368421052631575,4205.717055191757,152.954276289246,252.04225894329247,1.2994849974347111,26.028447940324977,0.005,1.9990047210562651,0.6726449325527607
705,RC_LADDER,drift,0.6977162,0.3482822120606697,0.27303210265270866,0.21622666384818048,0.06444723618090452,0.0935678391959799,0.3770588622431946,-1.1692413676855573,52.368421052631575,3917.0018549435813,153.12298406733842,252.13247246938906,1.3034173694517663,24.260099847574665,0.005,2.0033070189598425,0.6504752733204958
706,RC_LADDER,drift,0.6753995,0.3364462080752238,0.2634997169312313,0.20919835110573362,0.06492462311557788,0.0935678391959799,0.3823056805563017,-1.1645690741412897,52.368421052631575,3652.6204682394227,153.28529100223884,252.21911396451011,1.3072019461917566,22.63921018563936,0.005,2.007451663265564,0.6293743781277934
707,RC_LADDER,drift,0.654127,0.32520211889179096,0.2544574826089985,0.2025038460770604,0.06444723618090452,0.0935678391959799,0.387348730183076,-1.1600172617214042,52.368421052631575,3410.1544468142333,153.44159299221846,252.30245366239546,1.3108469199284798,21.151283626342106,0.005,2.0114475337033606,0.6092753015144847
708,RC_LADDER,drift,0.633835,0.3145111833355907,0.24587237647575713,0.1961225609901041,0.06444723618090452,0.0935678391959799,0.39219946124075716,-1.155582768707773,52.368421052631575,3187.4607858968934,153.59217395438748,252.38261596538308,1.3143597385481023,19.78345688863071,0.005,2.0153019465882824,0.5901161012565879
709,RC_LADDER,drift,0.6144649,0.30433777065200285,0.23771411406116727,0.19003546674646143,0.06444723618090452,0.0935678391959799,0.39686874813291817,-1.1512619863755187,52.368421052631575,2982.63711768187,153.7373845244271,252.45983280344257,1.3177474666573175,18.52429572908622,0.005,2.0190228070725214,0.571839595501355
710,RC_LADDER,drift,0.595962,0.29464906447283123,0.22995487450190946,0.1842249355747634,0.06444723618090452,0.0935678391959799,0.40136657463728825,-1.147051551690357,52.368421052631575,2793.9910358097554,153.87746486713,252.534226514532,1.3210166233888874,17.363614238942933,0.005,2.022616298023074,0.5543928080576109
711,RC_LADDER,drift,0.5782758,0.2854148015698308,0.22256906668737916,0.17867461909587168,0.06444723618090452,0.0935678391959799,0.4057021006203838,-1.142948189863206,52.368421052631575,2620.0140805392825,154.01269951653822,252.60596344654314,1.3241732728754811,16.292321791029174,0.005,2.0260890353947416,0.5377266300869068
712,RC_LADDER,drift,0.5669341,0.27950695286899657,0.217848720817568,0.17511730794030836,0.06396984924623116,0.0935678391959799,0.4085019727082388,-1.1402747795227204,52.368421052631575,2511.6845151663993,154.1001328243825,252.65228833449686,1.3262146511504624,15.624827340422296,0.005,2.028336304985297,0.5270445364145517
713,RC_LADDER,open,0.0002238671,0.00010069221653190366,7.50488911300634e-05,6.713111357824822e-05,0.06015075376884422,0.0935678391959799,0.6367706567501685,-0.8610288390955749,52.368421052631575,0.00031543149800909194,161.4696522596271,256.4323308990145,1.499938912770696,2.027784494021554e-06,0.005,2.223281080807961,0.00020329636814433498
714,RC_LADDER,open,5.122509e-07,2.3006056092432023e-07,1.7134160129904438e-07,1.5352497307308722e-07,0.095,0.095,0.640435326506092,-0.8555668332809239,52.368421052631575,1.6457492511170086e-09,161.59126408685307,256.49268032446685,1.5028420326478737,1.0585572338562571e-11,0.005,2.2265915459038976,4.6498824247593904e-07
715,RC_LADDER,open,1.344156e-07,6.036612360450119e-08,4.49578902595944e-08,4.028469911070682e-08,0.095,0.095,0.6405248824222516,-0.8554329224313868,52.368421052631575,1.1330789670786873e-10,161.5942455949135,256.49415557953114,1.502913023086429,7.288137758067831e-13,0.005,2.2266727093600776,1.220125434691673e-07
716,RC_LADDER,open,6.072825e-08,2.727275163948964e-08,2.0311352034780333e-08,1.8200328582432507e-08,0.095,0.095,0.6405556995764574,-0.8553868915980622,52.368421052631575,2.312754570447164e-11,161.5952722383352,256.49468000452964,1.5029374362877177,1.4876059639785697e-13,0.005,2.226700510558986,5.512442272793026e-08
717,RC_LADDER,open,3.44427e-08,1.5467943398715936e-08,1.1519696954998712e-08,1.0322492676232485e-08,0.095,0.095,0.6405712721148253,-0.8553636282045365,52.368421052631575,7.439363600456662e-12,161.5958049029385,256.4949430641652,1.502949809180016,4.785145459717598e-14,0.005,2.2267148975253717,3.126436758301588e-08
718,RC_LADDER,open,2.21531e-08,9.94874513601474e-09,7.4092789155398095e-09,6.639285784865279e-09,0.095,0.095,0.6405807280343624,-0.855349435064519,52.368421052631575,3.077560839260519e-12,161.59609026503517,256.4950722367297,1.5029572687067165,1.9795505956275387e-14,0.005,2.226723038647874,2.0108819882490355e-08
719,RC_LADDER,open,1.543524e-08,6.931799373249833e-09,5.162416626056338e-09,4.625937432564763e-09,0.095,0.095,0.640587191628209,-0.8553395988512382,52.368421052631575,1.494037840242778e-12,161.59632245460688,256.49519291008653,1.5029623997126011,9.609968510197355e-15,0.005,2.2267291894750123,1.4010869838849368e-08
720,RC_LADDER,open,1.136713e-08,5.1048448485689455e-09,3.801799507347062e-09,3.406722975807769e-09,0.095,0.095,0.64059166764941,-0.8553329577844377,52.368421052631575,8.102787226036856e-13,161.59649313656692,256.4952727535103,0.0,5.2118881855921804e-15,0.005,2.226733688720545,1.0318159023070138e-08
721,RC_LADDER,open,8.71848e-09,3.91536317583426e-09,2.9159388701419544e-09,2.612923516728763e-09,0.095,0.095,0.6405949500061137,-0.855328194670331,52.368421052631575,4.766649630904214e-13,161.59656967192515,256.4953148825745,0.0,3.0660137597357888e-15,0.005,2.2267359650851093,7.913928829840542e-09
722,RC_LADDER,open,6.898238e-09,3.0979116629780405e-09,2.307146414402309e-09,2.067397420460308e-09,0.095,0.095,0.6405975995477423,-0.8553242060542745,52.368421052631575,2.9840563313234075e-13,161.59664313720518,256.49534638658486,0.0,1.9194113343230736e-15,0.005,2.2267381224707625,6.261659624356101e-09
723,RC_LADDER,open,5.593782e-09,2.5120944394782766e-09,1.8708626353691063e-09,1.6764520489526206e-09,0.095,0.095,0.6405997072035614,-0.855320994997681,52.368421052631575,1.962188601678713e-13,161.5967295564541,256.4953956719058,0.0,1.2621236945715353e-15,0.005,2.2267403295402155,5.077578654008837e-09
724,RC_LADDER,open,4.627164e-09,2.0779978043418394e-09,1.5475720174406924e-09,1.3867572699229125e-09,0.095,0.095,0.6406013826156246,-0.8553186336840595,52.368421052631575,1.3426378377261326e-13,161.5967666412492,256.4954028769551,0.0,8.6361497496990095e-16,0.005,2.2267415251025993,4.20016150810183e-09
725,RC_LADDER,open,3.891051e-09,1.7474181821564374e-09,1.301375128199801e-09,1.1661445360819815e-09,0.095,0.095,0.6406029036843126,-0.855316266983245,52.368421052631575,9.494286215090222e-14,161.59681569968893,256.49542969923624,0.0,6.106940606661816e-16,0.005,2.226742882575577,3.5319777513556466e-09
726,RC_LADDER,open,3.31758e-09,1.4898790503343534e-09,1.109574731058624e-09,9.942753646859486e-10,0.095,0.095,0.6406040982647606,-0.8553145296058529,52.368421052631575,6.901930302111875e-14,161.5968914230713,256.495485268773,0.0,4.4394791692503885e-16,0.005,2.2267445127545624,3.0114264650128896e-09
727,RC_LADDER,open,2.86214e-09,1.2853468436422004e-09,9.572509024811949e-10,8.577804020609848e-10,0.095,0.095,0.6406051745395289,-0.8553128437877002,52.368421052631575,5.136995026658584e-14,161.59690625986866,256.49547339770726,0.0,3.304233016921934e-16,0.005,2.226745266584813,2.5980154343492807e-09
728,RC_LADDER,open,2.494431e-09,1.1202134996571263e-09,8.34269118771917e-10,7.475783051143175e-10,0.095,0.095,0.6406061352337182,-0.8553114124456869,52.368421052631575,3.901845055880551e-14,161.59693915980543,256.4954946376968,0.0,2.5097565696281327e-16,0.005,2.22674606292773,2.264239234933646e-09
729,RC_LADDER,open,2.193286e-09,9.849732468126168e-10,7.335500165919383e-10,6.573253913356422e-10,0.095,0.095,0.6406068759778202,-0.8553103771989665,52.368421052631575,3.016596584927164e-14,161.59697169241008,256.4955229062581,0.0,1.9403445938731765e-16,0.005,2.226746774186502,1.9908843591743687e-09
730,RC_LADDER,open,1.943557e-09,8.728234052609074e-10,6.500273254572006e-10,5.824819078136287e-10,0.095,0.095,0.6406076665692165,-0.855309062372013,52.368421052631575,2.3687601346505147e-14,161.59696808665666,256.4955017410817,0.0,1.5236413935424923e-16,0.005,2.2267471154935694,1.7642011327747607e-09
731,RC_LADDER,open,1.734173e-09,7.78791669361033e-10,5.799979685568929e-10,5.197295650008975e-10,0.095,0.095,0.6406082073200733,-0.8553083949241871,52.368421052631575,1.885866186131714e-14,161.59702352742423,256.49553777518383,0.0,1.213032928532289e-16,0.005,2.2267482668668226,1.5741389602925748e-09
732,RC_LADDER,open,1.556888e-09,6.991755674878104e-10,5.207045467692337e-10,4.665975237244069e-10,0.095,0.095,0.6406087940485324,-0.8553074046108864,52.368421052631575,1.5199900022660765e-14,161.5970095514101,256.4955116174945,0.0,9.776929483438033e-17,0.005,2.226748290982212,1.4132145395458856e-09
733,RC_LADDER,open,1.405462e-09,6.311722634318549e-10,4.700596639456484e-10,4.2121531128034165e-10,0.095,0.095,0.6406092406332662,-0.8553069476764312,52.368421052631575,1.2386939680601981e-14,161.59704398862357,256.4955728280657,0.0,7.967568522513819e-17,0.005,2.2267486729504267,1.2757624406314762e-09
734,RC_LADDER,open,1.2751e-09,5.726283755718957e-10,4.264596117966539e-10,3.8214585699226834e-10,0.095,0.095,0.6406096972635582,-0.8553061621362099,52.368421052631575,1.0195626423096066e-14,161.59708493465408,256.4955957254684,0.0,6.558065130202161e-17,0.005,2.2267495890795344,1.1574302756905948e-09
735,RC_LADDER,open,1.162068e-09,5.218675033435892e-10,3.8865589317553223e-10,3.482704233006304e-10,0.095,0.095,0.6406101440711307,-0.8553054932598725,52.368421052631575,8.468152387217259e-15,161.5970313830427,256.4955117859004,0.0,5.4469138209214207e-17,0.005,2.2267491126668473,1.0548295248886383e-09
736,RC_LADDER,open,1.063426e-09,4.775687612136258e-10,3.5566479864466707e-10,3.1870750335090257e-10,0.095,0.095,0.6406104340547111,-0.8553051502340279,52.368421052631575,7.091530197100541e-15,161.59705920777245,256.4955553567113,0.0,4.5614384337423427e-17,0.005,2.226749499480576,9.652903585505563e-10
737,RC_LADDER,open,9.768311e-10,4.38680097743342e-10,3.267028105395204e-10,2.9275502001107727e-10,0.095,0.095,0.6406108584322594,-0.855304416408937,52.368421052631575,5.9836195683079305e-15,161.59710664561342,256.495591425546,0.0,3.8488045631221615e-17,0.005,2.2267504384744465,8.866863873282844e-10
738,RC_LADDER,open,9.003979e-10,4.0435509310421387e-10,3.0113957127967643e-10,2.698481052903839e-10,0.095,0.095,0.6406111835666362,-0.8553039333866725,52.368421052631575,5.083864014887144e-15,161.5970993656973,256.49557470622807,0.0,3.270060826386349e-17,0.005,2.226750485786367,8.173067186537228e-10
739,RC_LADDER,open,8.325969e-10,3.739066490082658e-10,2.7846336942396637e-10,2.495282229761638e-10,0.095,0.095,0.6406114906487949,-0.8553034088180929,52.368421052631575,4.347048131105895e-15,161.59710738272088,256.4955795745177,0.0,2.796123643451809e-17,0.005,2.2267507202889942,7.557625750008707e-10
740,RC_LADDER,open,7.721755e-10,3.467722583759934e-10,2.5825527919095497e-10,2.3141998606254513e-10,0.095,0.095,0.6406117368451804,-0.8553030767680894,52.368421052631575,3.739011051017485e-15,161.59712329311623,256.49559006361795,0.0,2.405019983583734e-17,0.005,2.2267510775408,7.009169630063679e-10
741,RC_LADDER,open,7.181003e-10,3.2248786955908607e-10,2.4016970247242193e-10,2.1521370780474561e-10,0.095,0.095,0.6406119952810061,-0.8553027379614067,52.368421052631575,3.2336633479466747e-15,161.59713466224125,256.4955955810824,0.0,2.0799685202551622e-17,0.005,2.226751353413093,6.51831941576648e-10
742,RC_LADDER,open,6.695127e-10,3.006678928468727e-10,2.2391947607054005e-10,2.0065206210072544e-10,0.095,0.095,0.6406122536174936,-0.8553022988158969,52.368421052631575,2.810878866468315e-15,161.59714183686305,256.4956012175145,0.0,1.8080236357795704e-17,0.005,2.2267515618668887,6.077281373150729e-10
743,RC_LADDER,open,6.256946e-10,2.809898099154163e-10,2.092644070736187e-10,1.8751981550873117e-10,0.095,0.095,0.6406124452323072,-0.8553020157307758,52.368421052631575,2.4549867365968985e-15,161.59715685446187,256.49560667731026,0.0,1.5791054655260353e-17,0.005,2.226751924521202,5.679536362471831e-10
744,RC_LADDER,open,5.860414e-10,2.631821919623732e-10,1.9600234941819044e-10,1.7563583116399975e-10,0.095,0.095,0.6406126747663616,-0.8553016828299111,52.368421052631575,2.1536791058516646e-15,161.5971402096962,256.49559019682664,0.0,1.3852973233223888e-17,0.005,2.226751725222296,5.319598335485347e-10
745,RC_LADDER,open,5.500418e-10,2.47015278245637e-10,1.8396219201743663e-10,1.6484677611318106e-10,0.095,0.095,0.6406128802442685,-0.8553013517966619,52.368421052631575,1.89721091492366e-15,161.59716444719083,256.49561408370124,0.0,1.2203309537353892e-17,0.005,2.226752142242098,4.992823146208154e-10
746,RC_LADDER,open,5.172602e-10,2.322935345122293e-10,1.72998311463026e-10,1.550221610194043e-10,0.095,0.095,0.6406130790885494,-0.8553010408164159,52.368421052631575,1.6778078206780996e-15,161.5971758152936,256.49561447149864,0.0,1.0792057235236854e-17,0.005,2.226752462508888,4.695258595684817e-10
747,RC_LADDER,open,4.873241e-10,2.18849705936712e-10,1.6298614806637915e-10,1.4605036572042417e-10,0.095,0.095,0.6406132387724643,-0.8553007828567782,52.368421052631575,1.4892235497943817e-15,161.59716573398677,256.4956016598485,0.0,9.579038757717063e-18,0.005,2.2267523637474143,4.423523938142647e-10
748,RC_LADDER,open,4.599136e-10,2.0654006017868908e-10,1.538186561279874e-10,1.378354725228469e-10,0.095,0.095,0.6406133715654183,-0.8553006534908509,52.368421052631575,1.3264062151211977e-15,161.59717552376037,256.4956136065637,0.0,8.531759291723301e-18,0.005,2.2267525224990425,4.1747139937641706e-10
749,RC_LADDER,open,4.347523e-10,1.9524051514043747e-10,1.45403427533975e-10,1.302946737732417e-10,0.095,0.095,0.6406135391299789,-0.8553004144829246,52.368421052631575,1.1852441740239666e-15,161.5971696828908,256.4956101216319,0.0,7.623771750460678e-18,0.005,2.226752473416086,3.9463208685777775e-10
750,RC_LADDER,open,4.116008e-10,1.8484350068035927e-10,1.3766035011935606e-10,1.233561824506023e-10,0.095,0.095,0.6406137511056771,-0.855300027325216,52.368421052631575,1.062371225084623e-15,161.59718978481857,256.4956227718473,0.0,6.833423948753996e-18,0.005,2.226752893582993,3.736170274977439e-10
751,RC_LADDER,open,3.902505e-10,1.752554021397865e-10,1.305197073905962e-10,1.1695752204048887e-10,0.095,0.095,0.6406137768737584,-0.8552999794576657,52.368421052631575,9.550162286410415e-16,161.59719463144737,256.49562168419607,0.0,6.1428911958356585e-18,0.005,2.2267530429032365,3.542369814302048e-10
752,RC_LADDER,open,3.705193e-10,1.6639442551618828e-10,1.2392057953018537e-10,1.1104411200854065e-10,0.095,0.095,0.6406139493413002,-0.8552997865466865,52.368421052631575,8.608856309119217e-16,161.597199267209,256.4956361072802,0.0,5.537420968572465e-18,0.005,2.2267530829267637,3.3632664442974816e-10
753,RC_LADDER,open,3.522476e-10,1.5818886547964014e-10,1.1780956810547906e-10,1.0556809567542732e-10,0.095,0.095,0.6406141006651649,-0.855299508213109,52.368421052631575,7.780718960565745e-16,161.59721737787936,256.4956477545386,0.0,5.004743432347137e-18,0.005,2.2267534376200224,3.1974107350635573e-10
754,RC_LADDER,open,3.352948e-10,1.5057564729859502e-10,1.1213969821397292e-10,1.0048738052049102e-10,0.095,0.095,0.6406141638344913,-0.8552993994663889,52.368421052631575,7.04980943856882e-16,161.597191769367,256.4956092446652,0.0,4.5346051118781776e-18,0.005,2.226753170352325,3.043527786724973e-10
755,RC_LADDER,open,3.195371e-10,1.4349909763335163e-10,1.068695056670163e-10,9.576481493781391e-11,0.095,0.095,0.6406143166082039,-0.8552992138983604,52.368421052631575,6.402745368462461e-16,161.59720668633685,256.49563123223976,0.0,4.118398204317236e-18,0.005,2.2267533752472475,2.9004923156545955e-10
756,RC_LADDER,open,3.048647e-10,1.3690993066158554e-10,1.0196228844187357e-10,9.136750434074656e-11,0.095,0.095,0.6406143716414381,-0.8552991643542098,52.368421052631575,5.828244824189371e-16,161.59722971867893,256.49565439792514,0.0,3.7488658227520324e-18,0.005,2.226753738949483,2.7673080698416884e-10
757,RC_LADDER,open,2.911801e-10,1.307643963558254e-10,9.738546134911106e-11,8.7266255059583e-11,0.095,0.095,0.6406145266506104,-0.8552989275011744,52.368421052631575,5.316758137543847e-16,161.59722402690474,256.49564951107465,0.0,3.4198654708606804e-18,0.005,2.2267536738950295,2.643090869679316e-10
758,RC_LADDER,open,2.783967e-10,1.2502355643300207e-10,9.311002706203056e-11,8.343507969471831e-11,0.095,0.095,0.6406146197744433,-0.8552987415321192,52.368421052631575,4.860171217830716e-16,161.59723426860734,256.4956453968901,0.0,3.1261779326312116e-18,0.005,2.2267539649552996,2.5270534914233196e-10
759,RC_LADDER,open,2.66437e-10,1.1965263296733594e-10,8.911008419445527e-11,7.98507700080162e-11,0.095,0.095,0.64061475942946,-0.8552984959523915,52.368421052631575,4.451561566176961e-16,161.59724777901872,256.4956667229484,0.0,2.8633505152032012e-18,0.005,2.226754174918448,2.418493178540546e-10
760,RC_LADDER,open,2.552317e-10,1.146205126171807e-10,8.536246232090022e-11,7.649256133205483e-11,0.095,0.095,0.6406148309383168,-0.8552983458859162,52.368421052631575,4.085004627054036e-16,161.59724488244348,256.495666088222,0.0,2.6275723825250563e-18,0.005,2.226754131282281,2.3167809335850605e-10
761,RC_LADDER,open,2.447187e-10,1.0989929224740095e-10,8.184637999837425e-11,7.33418333397889e-11,0.095,0.095,0.6406148560351533,-0.8552984524080691,52.368421052631575,3.755412484503504e-16,161.59724229134676,256.4956590239639,0.0,2.415570887295929e-18,0.005,2.226754103648811,2.2213526684074073e-10
762,RC_LADDER,open,2.348421e-10,1.0546387911216097e-10,7.85431498495833e-11,7.038184005189414e-11,0.095,0.095,0.6406149200281551,-0.8552983751925174,52.368421052631575,3.458400870064516e-16,161.59722321676836,256.49563831462507,0.0,2.224525959476901e-18,0.005,2.226753860914267,2.1317013913406432e-10
763,RC_LADDER,open,2.260029e-10,1.0149433664839386e-10,7.558687246431162e-11,6.773274749160403e-11,0.095,0.095,0.6406149924846465,-0.8552982989541671,52.368421052631575,3.2029596219464144e-16,161.59721716703618,256.4956291305989,0.0,2.060220074339501e-18,0.005,2.2267538018691653,2.0514665495813068e-10
764,RC_LADDER,short,5.000058,4.987484644094852,4.9750003073943825,0.35266842289573186,0.095,0.0,-14.03584766457515,195.00502150237457,890.2631578947368,992525.1219838604,176.8970851907814,304.7006369875093,0.042109166501790696,4975.000615016392,0.005,1.0025209813768619,5.000004524667487
765,RC_LADDER,short,5.000030380342476,4.987484396313965,4.975000060316063,0.352668404213434,0.095,0.0,-14.035847805364702,195.0050241238685,890.2631578947368,992525.0238810652,176.89666987656014,304.70050244868077,0.042109173971644556,4975.000120695056,0.005,1.0025154933893694,5.000002140201541
766,RC_LADDER,short,5.000013923259516,4.987484293928327,4.974999958211503,0.3526683966239152,0.095,0.0,-14.035847847758893,195.00502491324613,900.7368421052631,992524.9834623223,176.8966617612978,304.7007251024983,0.04210917890827206,4974.999916436349,0.005,1.0025122142933747,4.999998968388423
767,RC_LADDER,short,5.000048802363536,4.987484287181371,4.974999951409995,0.3526683971546298,0.095,0.0,-14.035847725604828,195.00502263874392,900.7368421052631,992524.980768545,176.89674828214964,304.7008248756528,0.042109179215774936,4974.999902976215,0.005,1.0025192089756467,4.99999778641702
768,RC_LADDER,short,5.000032852538629,4.987484070807323,4.974999735621946,0.35266838122853483,0.095,0.0,-14.03584780149859,195.00502405188163,900.7368421052631,992524.8946404955,176.89612478253238,304.70021758686426,0.0421091787866167,4974.9994713113565,0.005,1.0025160544982503,4.999997656368045
769,RC_LADDER,short,5.000031943509496,4.987484152475184,4.974999817085522,0.3526683870013352,0.095,0.0,-14.035847801739726,195.0050240563717,900.7368421052631,992524.9273894835,176.8964100166688,304.7006003828302,0.04210918253045294,4974.99963423822,0.005,1.002515855820431,4.999998002918852
770,RC_LADDER,short,5.0000164447308855,4.987484403260021,4.975000067267535,0.35266840438290376,0.095,0.0,-14.035847844356505,195.00502484989383,890.2631578947368,992525.0266330813,176.8967403690812,304.70059076707446,0.042109173638204364,4975.000134552393,0.005,1.0025126978768442,5.0000009177126055
771,RC_LADDER,short,5.000025750597229,4.987484369638379,4.975000033716581,0.3526684021955411,0.095,0.0,-14.035847821321163,195.00502442097698,890.2631578947368,992525.0133122278,176.8966197689548,304.7004512594128,0.042109174655364436,4975.000067477427,0.005,1.002514570478696,5.000001711401425
772,RC_LADDER,short,5.00001285733293,4.987484340601627,4.975000004769248,0.3526683999062311,0.095,0.0,-14.035847849938802,195.0050249538359,890.2631578947368,992525.0018616928,176.89665791198547,304.7006109252712,0.04210917618657002,4975.000009549289,0.005,1.0025119911914935,4.999999419193655
773,RC_LADDER,short,5.000030982392167,4.987484537601598,4.975000201250915,0.3526684141915431,0.095,0.0,-14.035847806871965,195.00502415193372,890.2631578947368,992525.0800771553,176.8970484421509,304.7008579004417,0.04210917338430371,4975.000402563006,0.005,1.002515585701766,5.000001499311532
774,RC_LADDER,short,5.000021246262255,4.987484429355683,4.975000093293862,0.35266840628479007,0.095,0.0,-14.03584783749071,195.00502472205315,890.2631578947368,992525.0370012989,176.896793107531,304.7006147469289,0.04210917338334098,4975.000186613077,0.005,1.00251365534753,5.000001300430384
775,RC_LADDER,short,5.000002995656719,4.987484321231059,4.974999985452261,0.35266839846468073,0.095,0.0,-14.035847858646994,195.00502511598194,900.7368421052631,992524.994230908,176.89665514216202,304.7006426107528,0.04210917736520901,4974.999970905128,0.005,1.002510017800431,4.999999800148979
776,RC_LADDER,short,5.000014861461244,4.987484288835441,4.974999953131814,0.35266839625747004,0.095,0.0,-14.03584784852539,195.00502492751812,900.7368421052631,992524.9814717666,176.8966290855102,304.70070271607517,0.042109179463156315,4974.999906276073,0.005,1.002512403428288,4.999999217546204
777,RC_LADDER,short,5.000024601877196,4.987484261888528,4.974999926241955,0.35266839449869924,0.095,0.0,-14.035847830748404,195.0050245965118,900.7368421052631,992524.9708639624,176.89662129525752,304.7007618291867,0.04210918132122707,4974.99985251715,0.005,1.0025143618165362,4.999998866778692
778,RC_LADDER,short,5.000031482454641,4.987484248440615,4.9749999128190305,0.35266839367014374,0.095,0.0,-14.035847815917807,195.00502432036677,900.7368421052631,992524.9655757174,176.8966325836769,304.70081409775713,0.04210918235465021,4974.999825688649,0.005,1.0025157440884047,4.999998768322744
779,RC_LADDER,short,5.000033277380448,4.987484235544197,4.974999899951859,0.3526683928010537,0.095,0.0,-14.035847810727109,195.00502422371622,900.7368421052631,992524.960460379,176.8966516969009,304.7008472781734,0.0421091826413857,4974.999799960377,0.005,1.002516106566677,4.999998823052721
780,RC_LADDER,short,5.000031172306906,4.98748424152565,4.974999905921303,0.3526683931822105,0.095,0.0,-14.035847815793144,195.00502431804554,900.7368421052631,992524.9628305273,176.89668162532513,304.7008713633262,0.04210918246393596,4974.999811893338,0.005,1.00251568329315,4.999999015702386
781,RC_LADDER,short,5.00002659425007,4.987484254332198,4.97499991870201,0.35266839400009037,0.095,0.0,-14.035847826420738,195.00502451593073,900.7368421052631,992524.9678386234,176.8966903869853,304.7008527525428,0.042109181062982004,4974.999837442321,0.005,1.0025147628099231,4.999999158500392
782,RC_LADDER,short,5.000021567158177,4.987484275463338,4.974999939786469,0.35266839540663497,0.095,0.0,-14.03584783704502,195.0050247137543,900.7368421052631,992524.9762220301,176.89670263413055,304.70083280287054,0.04210918061443736,4974.999879598811,0.005,1.002513750621033,4.999999304583664
783,RC_LADDER,short,5.000017785060607,4.9874842971460716,4.974999961419659,0.35266839687309515,0.095,0.0,-14.035847845134588,195.00502486438168,900.7368421052631,992524.984772699,176.89670357408215,304.70080550166193,0.04210917937178433,4974.999922855729,0.005,1.0025129879449861,4.999999457169908
784,RC_LADDER,short,5.000006205525349,4.9874843182638395,4.974999982491749,0.3526683982650385,0.095,0.0,-14.035847857414092,195.00502509302544,900.7368421052631,992524.9930866773,176.89668759134335,304.70070199700206,0.04210917793335743,4974.999964985544,0.005,1.0025106619815636,4.999999818506755
785,RC_LADDER,short,5.000005519700541,4.987484345750246,4.975000009909659,0.35266840020428714,0.095,0.0,-14.035847857939375,195.00502510280614,890.2631578947368,992525.0039019157,176.89666535156582,304.7005908269248,0.042109176020252916,4975.000019820752,0.005,1.0025105189474859,5.000000213276587
786,RC_LADDER,short,5.000015966118769,4.987484363725573,4.975000027835328,0.3526684015411082,0.095,0.0,-14.03584784996703,195.00502495436146,890.2631578947368,992525.0110089207,176.89663251338828,304.70048764815954,0.04210917532174538,4975.000055681416,0.005,1.002512609860863,5.000000650089967
787,RC_LADDER,short,5.000022474790264,4.987484355535412,4.975000019659543,0.3526684010484055,0.095,0.0,-14.035847839491039,195.005024759299,890.2631578947368,992525.0076627799,176.89659132855573,304.70040036545976,0.04210917403193185,4975.000039342098,0.005,1.0025139165080161,5.000001044504712
788,RC_LADDER,short,5.0000258416618975,4.987484341400674,4.975000005555376,0.35266840011677736,0.095,0.0,-14.035847831267157,195.00502460617082,890.2631578947368,992525.0021081036,176.896538643493,304.70032852591567,0.04210917515141058,4975.000011143384,0.005,1.0025145944132832,5.000001277917867
789,RC_LADDER,short,5.000027219279255,4.98748433147449,4.974999995651362,0.35266839945264294,0.095,0.0,-14.035847826691171,195.00502452096615,890.2631578947368,992524.9981051647,176.8965090811062,304.7002945907028,0.042109174365851765,4974.999991340708,0.005,1.0025148726233808,5.000001322537998
790,RC_LADDER,short,5.000026065794601,4.987484324861814,4.974999989055161,0.352668398986146,0.095,0.0,-14.03584782655907,195.00502451850653,890.2631578947368,992524.9954933319,176.8964979385775,304.70029673314946,0.04210917467459153,4974.99997814846,0.005,1.0025146426767235,5.000001236163418
791,RC_LADDER,short,5.000024267912526,4.987484314624236,4.97499997884537,0.3526683982317746,0.095,0.0,-14.035847830251749,195.00502458726396,890.2631578947368,992524.9914092992,176.8964856229104,304.70029798564974,0.04210917451745324,4974.999957724558,0.005,1.0025142842557961,5.000001074595961
792,RC_LADDER,short,5.000021902679541,4.987484315049939,4.974999979273201,0.3526683982168161,0.095,0.0,-14.035847835713454,195.0050246889606,890.2631578947368,992524.9916054661,176.89649211877008,304.7003267981289,0.0421091749087631,4974.9999585738315,0.005,1.0025138099365585,5.000000897701819
793,RC_LADDER,short,5.000019694758115,4.987484322219156,4.974999986427711,0.35266839867807104,0.095,0.0,-14.035847841250918,195.00502479206796,890.2631578947368,992524.9944910019,176.89650121959556,304.7003541304381,0.04210917538267381,4974.999972876374,0.005,1.0025133658030994,5.000000723945052
794,RC_LADDER,short,5.000016840579652,4.987484306714902,4.974999970965248,0.35266839753968704,0.095,0.0,-14.035847846349903,195.00502488701073,586.5263157894736,992524.9883259201,176.89651241378894,304.70038092177157,0.04210917545230244,4974.999941945485,0.005,1.0025127966513854,5.000000576880572
795,RC_LADDER,short,5.000013980302919,4.987484327209632,4.974999991411057,0.3526683989553026,0.095,0.0,-14.03584785042018,195.00502496279913,586.5263157894736,992524.9965214969,176.89654068216478,304.7004302859459,0.04210917602959917,4974.9999828323425,0.005,1.0025122190409563,5.000000493181032
796,RC_LADDER,short,5.00001091056295,4.987484322589198,4.974999986804246,0.3526683985995671,0.095,0.0,-14.035847853937849,195.0050250282979,586.5263157894736,992524.9947020169,176.8965697008545,304.70047766640005,0.04210917631617489,4974.9999736146065,0.005,1.002511604481044,5.000000358356293
797,RC_LADDER,short,5.000003967540287,4.98748433012363,4.974999994322542,0.35266839909391146,0.095,0.0,-14.035847858594755,195.00502511500943,879.7894736842104,992524.9977276822,176.89662983014753,304.7005753068989,0.04210917671279965,4974.999988645752,0.005,1.002510210877464,5.000000098068034
798,RC_LADDER,short,5.000002974185692,4.987484336268609,4.975000000452262,0.35266839952670187,0.095,0.0,-14.035847858803873,195.00502511890312,900.7368421052631,992525.0001768413,176.89668496761016,304.70065882661794,0.042109176764550095,4975.000000904945,0.005,1.0025100104728248,4.999999911413242
799,RC_LADDER,short,5.000009751304165,4.9874843394177715,4.975000003591714,0.3526683997751656,0.095,0.0,-14.035847855678584,195.00502506071035,900.7368421052631,992525.0014455637,176.89674243155326,304.7007399633908,0.04210917701108918,4975.000007187506,0.005,1.00251136866484,4.999999773128087
800,RC_LADDER,short,5.000014402725175,4.987484349055608,4.975000013202584,0.3526684004967573,0.095,0.0,-14.035847850818852,195.00502497022242,900.7368421052631,992525.0052603218,176.89676251560527,304.7007652545835,0.04210917670360313,4975.000026414928,0.005,1.0025122993462505,4.999999621299712
801,RC_LADDER,short,5.000018691538744,4.98748435342378,4.975000017556508,0.35266840085237905,0.095,0.0,-14.0358478451529,195.0050248647226,890.2631578947368,992525.0069401667,176.8967888538395,304.70079446738816,0.042109175822493634,4975.000035129405,0.005,1.0025131583834161,4.999999509352874
802,RC_LADDER,short,5.000021122620312,4.987484349741852,4.97500001388062,0.3526684006368229,0.095,0.0,-14.035847839723269,195.00502476362314,890.2631578947368,992525.005518007,176.8968090737104,304.70081906629076,0.042109176505946824,4975.000027783981,0.005,1.0025136465599356,4.999999428436789
803,RC_LADDER,short,5.000023591942842,4.98748436807156,4.975000032161736,0.35266840197116955,0.095,0.0,-14.03584783508818,195.005024677318,890.2631578947368,992525.0127227628,176.89681832486409,304.7008233090544,0.04210917513190855,4975.000064351634,0.005,1.0025141379793698,4.999999336505885
804,RC_LADDER,short,5.000025118017835,4.987484381714685,4.9750000457687396,0.3526684029636844,0.095,0.0,-14.035847831718538,195.0050246145755,890.2631578947368,992525.0181571918,176.89681197195918,304.70081148630936,0.0421091752109849,4975.000091569583,0.005,1.0025144412179268,4.999999311591081
805,RC_LADDER,short,5.00002761790878,4.987484407661226,4.975000071649101,0.35266840481575346,0.095,0.0,-14.035847829612948,195.00502457536965,890.2631578947368,992525.0284710402,176.89680893388424,304.70080233151754,0.042109175018168715,4975.000143332771,0.005,1.00251493723535,4.999999263572382
806,RC_LADDER,short,5.00002842335304,4.987484513132949,4.975000176856324,0.35266841228066387,0.095,0.0,-14.035847828772562,195.00502455972176,890.2631578947368,992525.070551842,176.8971561914626,304.7011894510363,0.042109176592434794,4975.0003537482025,0.005,1.0025150775279725,5.000000489798461
807,RC_LADDER,short,5.000029173155007,4.9874845211409236,4.975000184844398,0.35266841284485534,0.095,0.0,-14.03584782902198,195.00502456436584,890.2631578947368,992525.0737032662,176.89714382407814,304.70116311438454,0.04210917604177374,4975.000369724061,0.005,1.0025152262550208,5.000000489371457
808,RC_LADDER,short,5.000029931878351,4.987484516666163,4.975000180381518,0.3526684125188622,0.095,0.0,-14.035847830183142,195.00502458598658,890.2631578947368,992525.0719358623,176.89711949259475,304.7011292697214,0.04210917624579675,4975.000360796943,0.005,1.0025153792799288,5.000000572153567
809,RC_LADDER,short,5.000029629935534,4.987484504076349,4.97500016782445,0.35266841161125767,0.095,0.0,-14.035847832288585,195.00502462518972,890.2631578947368,992525.0669231098,176.89708371675457,304.7010834860228,0.04210917620859928,4975.000335680341,0.005,1.0025153212704583,5.000000525649087
810,RC_LADDER,short,5.000029075683659,4.9874844971988255,4.975000160965669,0.352668411103387,0.095,0.0,-14.035847834901396,195.00502467384027,890.2631578947368,992525.0641548053,176.89704799337565,304.70103987945095,0.04210917572330543,4975.000321959724,0.005,1.0025152115243423,5.0000004760635175
811,RC_LADDER,short,5.000028116043333,4.987484506248114,4.9750001699938675,0.35266841172123325,0.095,0.0,-14.035847837572243,195.00502472357115,890.2631578947368,992525.0677289582,176.89702189661244,304.70100122675564,0.04210917529139687,4975.000340012998,0.005,1.0025150172956938,5.000000584194127
812,RC_LADDER,short,5.0000269386364335,4.987484488041155,4.975000151834099,0.35266841041101005,0.095,0.0,-14.035847840335414,195.00502477502144,890.2631578947368,992525.0604841898,176.89699510385958,304.70097179556507,0.04210917530798758,4975.000303690229,0.005,1.0025147848831113,5.000000531468691
813,RC_LADDER,short,5.000025324361871,4.987484470672777,4.97500013451065,0.3526684091623586,0.095,0.0,-14.035847842822829,195.00502482133683,890.2631578947368,992525.0536002894,176.89696541093838,304.70093953255036,0.042109175741688626,4975.000269040421,0.005,1.0025144647091808,5.000000498231758
814,RC_LADDER,short,5.000024570285954,4.987484464513381,4.975000128367492,0.35266840871527594,0.095,0.0,-14.035847844222515,195.0050248473989,890.2631578947368,992525.0511117853,176.89695136047877,304.7009198298978,0.04210917516844157,4975.000256752466,0.005,1.0025143147536193,5.000000509491619
815,RC,noise,5.811707930478451,4.951552439573319,4.925263254799862,0.5095620009015237,0.005728643216080402,0.0935678391959799,-5.743378334029314,46.97598988502466,115.21052631578947,975524.356330768,157.10059845556978,272.5386612333374,0.07923226354790619,4903.574312368897,0.415,1.1737143050390986,5.057490520551826
816,RC,noise,5.793577553262363,4.887565573851283,4.835411602835771,0.712103833620781,0.011934673366834172,0.09452261306532664,-3.682229522065596,16.898615087792734,52.368421052631575,945390.2332390867,152.45557990852404,268.22188395719195,0.13980339568240607,4777.659447739245,0.36,1.1853708079658898,4.936719420357862
817,RC,noise,5.697295107515316,4.783593265062802,4.707003980596539,0.8525714352489964,0.01957286432160804,0.09452261306532664,-3.0979295222385845,10.821077257087568,62.84210526315789,900785.2819942458,145.44528145793933,261.87444100843595,0.190033975622478,4576.552905110839,0.22,1.1910074272254247,4.917292191210307
818,RC,noise,5.602319814413844,4.708434879042791,4.610981043290576,0.9530020087080857,0.013844221105527639,0.09452261306532664,-2.6615618191050596,7.447572445797478,73.3157894736842,868611.0754189694,142.57040073699338,253.97819061783815,0.23190068329321478,4433.87180203734,0.155,1.1898475732030889,5.020449441775998
819,RC,noise,5.582191397511357,4.628187450628884,4.508429188504619,1.0460331402007652,0.021005025125628143,0.09452261306532664,-2.36345281846453,5.539266878874198,73.3157894736842,834922.5167160092,148.21229485754833,261.7770200920428,0.2755775817541557,4284.023815631737,0.125,1.2061290639282214,5.085475826205322
820,RC,noise,5.623606100292657,4.55177287971857,4.41423187151282,1.1104923831624893,0.02386934673366834,0.09452261306532664,-2.107229483083788,4.070636658937798,52.368421052631575,804102.6832090489,138.9832605274356,252.76847583238205,0.3059105163352142,4143.727269708296,0.065,1.2354759890041698,5.045814443588438
821,RC,noise,5.646948197180119,4.455777691651284,4.295592318416138,1.1839938645877828,0.03437185929648241,0.09452261306532664,-1.9256649927918092,3.1868509568839993,52.368421052631575,766132.7509366279,149.56299197980908,264.1016726417647,0.35001407448126537,3970.7909674834486,0.075,1.2673316731579116,4.94626905809592
822,RC,noise,5.422197999415996,4.33765400447893,4.179134975203658,1.1619264699634009,0.03389447236180905,0.09452261306532664,-1.7615855499418946,2.49543755098441,73.3157894736842,725609.3583201674,137.66843795160162,249.36094120221404,0.3509908073804902,3763.0484525144184,0.055,1.250030083961791,4.920133367109299
823,RC,noise,5.631837534723583,4.253994347866347,4.077505827753491,1.2126063402090292,0.045351758793969854,0.09261306532663317,-1.5564897258513979,1.6952726623440233,52.368421052631575,694493.3351142711,153.19020649066718,274.73909106190763,0.3836309164896091,3619.2935823357648,0.065,1.3238939862598345,4.91327714267554
824,RC,noise,5.487436616368363,4.149903004010184,3.9571228707158315,1.2501494025717275,0.051557788944723626,0.09452261306532664,-1.4843444233621585,1.4265591081201556,52.368421052631575,657618.941558091,153.8615133564873,270.0667947747706,0.4240635269707824,3444.338988538551,0.065,1.3223047890675221,4.957453520904079
825,RC,noise,5.532897859867401,4.106413958538783,3.900645699479234,1.2835882229189848,0.05776381909547739,0.09452261306532664,-1.3423814414203068,0.9309820347396807,52.368421052631575,641553.814055608,139.91353522463245,251.99206378226717,0.4374711396652731,3372.5271197764323,0.055,1.3473794692233645,4.88202809978358
826,RC,noise,5.4042357722000665,4.027616780059054,3.8104176056368444,1.3047661084140874,0.04391959798994975,0.09452261306532664,-1.192787268491077,0.44099442865074856,52.368421052631575,614819.5981025764,150.8048743421199,263.55710233473854,0.4620739150944204,3244.3393854026526,0.055,1.3417949291890745,4.825787562768011
827,RC,noise,5.345556037280016,3.960996914165432,3.7253483533739904,1.3458366171425753,0.05489949748743719,0.09452261306532664,-1.1689680216972467,0.4238125484875943,52.368421052631575,591368.3209051022,149.62662507227435,266.97476939367283,0.5019100186412632,3137.899310805615,0.035,1.3495481448528988,4.917902816078937
828,RC,noise,5.341613878109824,3.848118639545373,3.6152624789561028,1.3182921801591296,0.05919597989949749,0.09452261306532664,-1.0819096834940838,0.20338762832692892,52.368421052631575,557563.8291025546,145.2108462643287,258.2392843090721,0.5075833459145205,2961.6034128033066,0.065,1.3881104972223248,4.865205683370991
829,RC,noise,5.296516181363312,3.7748786273296147,3.5357559681595285,1.3221718438592585,0.06253768844221105,0.09452261306532664,-1.0136860583200449,0.09190672196833605,52.368421052631575,535062.5978671468,148.95684989213262,263.7940483543889,0.5316489462993481,2849.9417302139827,0.035,1.4030957559846418,4.8630726788294885
830,RC,noise,5.098739019974774,3.6853182550536907,3.447714996284027,1.3018571140606083,0.06396984924623116,0.09452261306532664,-0.9838548454860099,-0.10485923791138507,52.368421052631575,509369.6084904572,138.12069023899107,250.46418012922825,0.5240539436286986,2716.314128206396,0.065,1.3835274641431181,4.624477521900384
831,RC,noise,5.019680750272924,3.5767225612792624,3.342197788060688,1.2738360278490828,0.0649246231155779,0.09452261306532664,-0.9458910772235066,-0.21539142251784238,52.368421052631575,479267.3893879117,144.7216737227277,262.0212527044658,0.5318206353474956,2558.588856072817,0.035,1.403430281290134,4.6005143390717285
832,RC,noise,5.142625586418749,3.548521338119655,3.3015572448968533,1.3006626948442865,0.06683417085427136,0.09452261306532664,-0.8915138833586531,-0.21660396823048167,52.368421052631575,469849.302408526,149.7112066664823,265.65539167461463,0.5658288934568911,2518.400737418101,0.065,1.4492305657499025,4.692041002905292
833,RC,noise,4.902063054644698,3.447136056002736,3.202469402739219,1.2755142935746377,0.06253768844221107,0.09452261306532664,-0.8093875621053813,-0.4194052206614933,62.84210526315789,442782.52097070805,148.0049407670412,263.06356322752475,0.5666358349162501,2376.54939771882,0.065,1.422068341662464,4.548857361030381
834,RC,noise,4.737102689742967,3.3490792516527352,3.0979402977410753,1.2724377177224762,0.060628140703517595,0.09452261306532664,-0.7812547879730679,-0.4348514861554871,52.368421052631575,416285.3356921673,147.84092682158442,258.17444315780995,0.5971961405660657,2243.266366770169,0.065,1.4144492661394192,4.445561636139528
835,RC,noise,4.842714695721375,3.30197564650221,3.0539420439686182,1.2555800102639676,0.06587939698492462,0.09452261306532664,-0.7010433000085388,-0.6474303712918794,52.368421052631575,404598.027810364,148.7511376604029,263.7057618982174,0.5887313807717912,2180.6086340187376,0.045,1.4666112697867026,4.473247282148236
836,RC,noise,4.676209394275358,3.2245835963921556,2.9849049388116002,1.219951587719565,0.055376884422110556,0.09404522613065328,-0.7232311965884248,-0.5212912292025536,52.368421052631575,386155.6003646405,152.80831864688818,262.9051747205046,0.592988496017295,2079.587874024274,0.065,1.4501746518550063,4.375027748887145
837,RC,noise,4.73033654577465,3.180140018793298,2.923353921560024,1.2519154877348027,0.07113065326633167,0.09452261306532664,-0.6659718480628111,-0.6479985531656514,52.368421052631575,373185.80218726886,153.83214304191782,263.1800805649819,0.6360339931072563,2022.6581078261277,0.065,1.4874617211255914,4.40770157239531
838,RC,noise,4.604157884263032,3.0947045619779048,2.8372123503990885,1.2358893173216348,0.07017587939698493,0.09404522613065328,-0.6524398070829225,-0.7121461398284938,52.368421052631575,352539.8891884487,147.5246613050713,258.1328813393374,0.6419192807242968,1915.4392651853711,0.035,1.4877536100959496,4.2380417414686935
839,RC,noise,4.483493183027341,3.032461696300957,2.7718146759252584,1.229986724260807,0.06635678391959798,0.09452261306532664,-0.62976583657846,-0.7834010063888082,52.368421052631575,337576.1175300918,146.01429934551314,257.8151780006034,0.656086133251479,1839.1647879064953,0.065,1.478499526802391,4.202073369322132
840,RC,noise,4.5997923805446055,2.985034501345638,2.722715738239089,1.2236216665983706,0.07256281407035176,0.09404522613065328,-0.6296385802856783,-0.7095769934347724,52.368421052631575,326474.1148192946,149.93017250997573,260.33403055379034,0.6747652727721102,1782.0861948447605,0.045,1.5409511610237814,4.174661585386988
841,RC,noise,4.361949669547698,2.9499774482731835,2.6921688834980944,1.20606535811497,0.07256281407035176,0.09452261306532664,-0.6395715391471232,-0.6746745541620682,52.368421052631575,319008.44266024086,150.37256941322815,262.6529344510156,0.6735333653447906,1740.4733890640728,0.035,1.478638310303367,4.090395540150844
842,RC,noise,4.21141383761066,2.8669667641602365,2.615324395943028,1.1745538432888711,0.06492462311557788,0.09452261306532664,-0.5632540716590804,-0.7921957395289705,52.368421052631575,301188.40265214414,144.1295696217533,253.90079091399411,0.6708729483513889,1643.8996853598837,0.035,1.4689440736660322,4.044107205855356
843,RC,noise,4.390396297688314,2.829233527574587,2.57504432333807,1.172053363288772,0.07208542713567839,0.09452261306532664,-0.5108322703296051,-0.8942727420458456,52.368421052631575,292712.40067728126,153.16334913850207,263.79312197270616,0.6828589825389767,1600.9124707104284,0.045,1.5517970697357255,3.99014567068978
844,RC,noise,4.2343032837031815,2.7773628159801897,2.5318803944520663,1.1416329882141014,0.066356783919598,0.09452261306532664,-0.6010130012667325,-0.7681457426783664,52.368421052631575,282486.7390356628,145.55867649035528,254.95897175962816,0.6765699299361597,1542.7488423178818,0.035,1.5245769329596237,3.883082152713989
845,RC,noise,4.112555640470259,2.709713618779837,2.4577189376489574,1.14112467299704,0.06826633165829146,0.09452261306532664,-0.5360460070375342,-0.8303303638450585,52.368421052631575,267661.2724728458,154.36893130254668,265.30340723824264,0.7057769846796124,1468.5095791601839,0.045,1.5177085917743995,3.8578739949178216
846,RC,noise,4.136307175180848,2.676317607826853,2.431271679542446,1.1187466014334526,0.06969849246231156,0.09452261306532664,-0.4876263059865077,-0.8949631319698823,52.368421052631575,261477.8774826548,148.21636999663923,257.92619648712537,0.6936013479812108,1432.5351875928095,0.065,1.5455217882527381,3.8157000681064006
847,RC,noise,4.026172937023947,2.618486178059125,2.3788686403622363,1.0942823477456856,0.0735175879396985,0.09452261306532664,-0.5276421120133132,-0.7972175280663305,52.368421052631575,250311.84439777624,147.28519051288035,255.92644937253004,0.6995131633489896,1371.293972937337,0.035,1.537595642383046,3.763054475595485
848,RC,noise,4.0307136945485205,2.569281361425266,2.3217854942821923,1.10023580777398,0.06969849246231155,0.09452261306532664,-0.4484800146549145,-0.9635828669923057,52.368421052631575,239838.9494042652,154.67599845909248,266.8127670270115,0.7198851284610376,1320.2413428334535,0.055,1.5688097672232166,3.6848791595698858
849,RC,noise,3.8558629614361046,2.5260999952696177,2.2824037815937728,1.0825036553599297,0.06683417085427136,0.09404522613065328,-0.4325513382566526,-0.9641821923757687,52.368421052631575,231812.8154157515,156.84434028231902,269.04480224446115,0.720038430941234,1276.2362372202326,0.045,1.5264094725690214,3.6296813038294893
850,RC,noise,3.8271176339701274,2.4958896702176223,2.254883494488409,1.0700306874958183,0.059195979899497486,0.09452261306532664,-0.5030627860352925,-0.8316403048636078,52.368421052631575,226282.32761332815,158.57991364516232,269.3944277401153,0.7291123071674518,1245.8930491798064,0.045,1.5333681130369967,3.5825774740977687
851,RC,noise,3.745405676190849,2.432249413896732,2.1961534352342538,1.0453455411058021,0.07208542713567839,0.09452261306532664,-0.4634360193706198,-0.958476525377812,52.368421052631575,214783.7161550867,147.9338602470123,260.841117941868,0.7221947677997573,1183.1674422801993,0.065,1.5398937521749858,3.5289674565289837
852,RC,noise,3.764649214520904,2.3921743838952385,2.151217244540855,1.0463090603424094,0.07829145728643216,0.09452261306532664,-0.42507512638975853,-0.9377104548699258,52.368421052631575,207007.738434148,154.71465376789126,264.82433271658414,0.7472794688796799,1144.4996565929127,0.045,1.5737352761009127,3.50266029751209
853,RC,noise,3.7259508729630713,2.3426899744698595,2.109286686656175,1.019365484002968,0.07447236180904523,0.09452261306532664,-0.3987639827452178,-0.9915657085017462,52.368421052631575,198745.73286027863,145.12891532073147,247.55735555904153,0.7406213090718925,1097.6392632963182,0.035,1.5904583677600095,3.433899857556869
854,RC,noise,3.779172114313478,2.3173261533936516,2.0854977286253726,1.010296849990451,0.07447236180904523,0.09404522613065328,-0.3832982776794847,-0.9521302981767898,52.368421052631575,194386.1866177559,150.37507826314734,259.29302585903537,0.7468998181084592,1074.0001002404433,0.045,1.6308330654185208,3.4031235262518704
855,RC,noise,3.596736906852456,2.292610838826196,2.06502707058968,0.995855238493607,0.07113065326633167,0.09452261306532664,-0.4300743617678487,-0.950702938415604,52.368421052631575,190408.0527601504,147.39783378004003,256.8406086791523,0.7385780968553135,1051.2128916606707,0.055,1.5688388303590004,3.3654111888164726
856,RC,noise,3.505398185302353,2.2483630038940197,2.019716011105783,0.9878681246817743,0.07065326633165829,0.09452261306532664,-0.404785257645761,-0.9658456813366731,52.368421052631575,182693.3195384779,151.7128557947546,260.2452223342913,0.7548142250036619,1011.0272394558679,0.065,1.5590890702396496,3.313565984433752
857,RC,noise,3.4133556794890594,2.2155921269920285,1.9979426174673511,0.9576396871980456,0.066356783919598,0.09404522613065328,-0.38525908363686,-1.0113591893591014,52.368421052631575,178019.07184432287,149.4262741849954,259.32289558847174,0.7308816521237462,981.7696946378122,0.035,1.5406065213470315,3.2380121025144213
858,RC,noise,3.4539374186343847,2.1821411452988495,1.957351795068358,0.9646314987335073,0.07542713567839196,0.09452261306532664,-0.3561542037555866,-1.0056619294370281,52.368421052631575,171859.34109292302,149.1576184947355,257.3334258978601,0.7642721572155496,952.347995601235,0.055,1.5828203533375746,3.2613641858889104
859,RC,noise,3.444530130494428,2.1377785903871875,1.9195791112305534,0.9409109082400674,0.07304020100502513,0.09452261306532664,-0.36388181940124886,-1.0609500266483212,52.368421052631575,165099.12271519873,155.4311625166202,261.551971275361,0.753998924242716,914.0194603035659,0.055,1.6112660805862808,3.150943056207157
860,RC,noise,3.487614941714579,2.111452591822106,1.8955152346572441,0.9301903260594477,0.080678391959799,0.09452261306532664,-0.33938153343674266,-0.9704127526105233,52.368421052631575,161027.7013659361,147.93987666446014,251.78239732827248,0.7608997924433214,891.6464095024578,0.025,1.651760951310252,3.1179112649354437
861,RC,noise,3.472446074835987,2.075644777798959,1.853331183371024,0.9345933705888627,0.07160804020100503,0.09452261306532664,-0.31015918800796655,-1.0001174825296526,52.368421052631575,154863.8324026371,154.89853368228694,263.5669999178791,0.7888368523434359,861.6602487208182,0.035,1.672948142175953,3.1395119276629835
862,RC,noise,3.316616519304032,2.0455092733613554,1.8253012462777392,0.9232462010451133,0.0792462311557789,0.09452261306532664,-0.35855924374017406,-1.0071707217638315,52.368421052631575,150316.660586539,147.87919873302914,257.0555777006178,0.7884259047754839,836.8216374814601,0.055,1.621413582669261,3.0522023447448
863,RC,noise,3.19291833257578,2.029188225238184,1.823807789038201,0.8895673117245709,0.07113065326633167,0.09452261306532664,-0.31034492574472744,-1.0786063018734282,52.368421052631575,148891.16347209606,156.55737685696857,265.92503144475154,0.7501247349494555,823.5209706890582,0.025,1.5734953972547314,3.034932946389902
864,RC,noise,3.2291323342136,1.99702008836105,1.7763653637341932,0.9124775766247981,0.06826633165829146,0.09452261306532664,-0.33307085267117836,-1.0390357082739134,52.368421052631575,142878.0279569459,148.99810189281916,252.67963942087684,0.8074851289621883,797.6178466635153,0.045,1.6169753889975846,3.0208989393329917
865,RC,noise,3.291181677857772,1.9760100509947263,1.7635144119640063,0.8914216961839252,0.0821105527638191,0.09452261306532664,-0.31060004357828547,-1.0858256762500076,52.368421052631575,140291.9827277545,148.85502848589,257.1120793777116,0.7847315264257071,780.9231443264362,0.055,1.6655693002173682,2.9768250876239106
866,RLC,noise,5.609456427768365,4.957875150331794,4.928448199759484,0.5393740340107226,0.0028643216080402015,0.09452261306532664,-5.80611641571214,48.15467009966263,94.26315789473684,977403.2018332185,172.75789387709108,285.687047373858,0.08869730397677056,4916.105201255501,0.445,1.131423494476856,5.0319087762375
867,RLC,noise,5.725877597078841,4.964946423509227,4.930849927898982,0.5808717387303908,0.0023869346733668344,0.09404522613065328,-6.02492984244236,47.416660091682694,167.57894736842104,979287.1361520584,169.67358570337066,277.36694847903556,0.10077323257684957,4930.138597663412,0.445,1.153260701861066,5.0349531692292055
868,RLC,noise,5.87211093423023,4.973903417096295,4.939697387767293,0.5823271588095393,0.0019095477386934672,0.09452261306532664,-5.156325832267492,36.15850506629579,167.57894736842104,982806.8976771592,166.17492903148516,273.3562656485998,0.10011039205062712,4947.94304052044,0.445,1.1805840286416935,4.963369539953648
869,RLC,noise,5.669079615574746,4.982296873444614,4.943868420185578,0.6176141020311463,0.0019095477386934672,0.09452261306532664,-5.13064522316716,34.778430677272,62.84210526315789,985321.5307602158,167.05318897919187,277.8461671123116,0.11034786013999444,4964.656427027196,0.445,1.1378446045217916,5.109863193848373
870,RLC,noise,5.893359662140048,4.988580397868138,4.949981465947476,0.619368931066696,0.0019095477386934672,0.09452261306532664,-5.257266908639399,36.245841829828564,115.21052631578947,987792.2751619929,162.70455046911056,271.03053608333965,0.1109072299557349,4977.186877198847,0.465,1.1813700877024185,4.896597206476335
871,RLC,noise,6.122991822779344,4.929918138892929,4.884915397091056,0.664600947522833,0.0023869346733668344,0.09452261306532664,-4.714336257000432,30.142575346071787,146.6315789473684,963356.7102441189,165.06049046742538,274.8038289401693,0.12711549535389222,4860.818571237104,0.475,1.2420067940832653,4.9516981601312615
872,RLC,noise,6.364420059192341,5.005020238000681,4.960948061675482,0.6627381927689654,0.003341708542713568,0.09452261306532664,-4.844833933215485,31.52136668544827,94.26315789473684,993245.3777323766,160.0471028131903,267.13143014546154,0.12301692251169762,5010.045516559279,0.465,1.2716072576231359,5.0602293986134335
873,RLC,noise,6.410063233370638,4.955114767813514,4.907031528140178,0.6886246757427756,0.002864321608040201,0.09452261306532664,-4.468389286349189,27.159563574019522,83.78947368421052,972649.5501562717,157.15803819051524,265.58068264206156,0.13231175482680305,4910.632472440715,0.395,1.2936255836106765,4.965826917628073
874,RLC,noise,7.029284860456853,4.9911681137796595,4.938747614719041,0.7214784391219129,0.002864321608040201,0.09452261306532664,-4.182491009849341,26.123455350066592,115.21052631578947,986060.4190484455,147.52541382309107,254.57664083490116,0.14015084366231376,4982.351828002161,0.43,1.4083446400152988,4.937826898996546
875,RLC,noise,6.743683096582324,4.9640541963390845,4.909216972395694,0.7358143666263373,0.002864321608040201,0.09452261306532664,-4.081802223959787,23.966210725946993,125.68421052631578,974859.6795108452,157.12528623549252,266.51733341244295,0.1466358033726337,4928.366812838334,0.46,1.3585031165767065,4.999158279633882
876,RLC,noise,6.343671848615968,4.969636752191038,4.919226604833037,0.7060446579577794,0.002864321608040201,0.09452261306532664,-4.366376289903208,25.440568288524556,94.26315789473684,977980.8231800034,155.12148965293014,266.8607050552603,0.1372593481650596,4939.457889745578,0.455,1.2764860220053587,4.923609995409323
877,RLC,noise,6.9729270542684745,4.999474713592228,4.945120811601862,0.7352058014666593,0.002864321608040201,0.09452261306532664,-3.825470430561355,21.865992134187273,104.73684210526315,988992.792988441,160.9306132101441,271.59499791672977,0.1449743447984762,4998.949482369619,0.425,1.3947319375995562,5.143534564457353
878,RLC,noise,6.702892487367238,5.0022119096848785,4.944057488827008,0.7605389776775499,0.0033417085427135678,0.09452261306532664,-3.490027385403695,19.88212396253382,115.21052631578947,989331.545805397,163.35052344436903,272.66920490662267,0.15326299221554454,5004.424797878647,0.425,1.339985711998654,5.0082066275526245
879,RLC,noise,7.03317487525203,4.958341747170808,4.897751634247738,0.772775394898454,0.003341708542713568,0.09452261306532664,-3.0723400866985195,16.31678860093989,104.73684210526315,971462.4801698338,148.519427918986,258.2280939634626,0.15605594690883448,4917.030576347372,0.405,1.4184530300407603,5.045038802372463
880,RLC,noise,6.948406191185142,5.00430281873372,4.94344288074368,0.778086875876262,0.003819095477386935,0.09452261306532664,-3.255745398323706,17.93363976550233,83.78947368421052,989679.7366263852,152.13511085196393,263.1878151238777,0.15707927982145906,5008.609340317251,0.42,1.3884863572151604,4.932697436984889
881,RLC,noise,7.213092487760682,4.9905938346137235,4.916726759247706,0.8554675896736608,0.003341708542713568,0.09452261306532664,-3.017870057361245,17.317461721749307,94.26315789473684,981618.5206920941,158.93676126325514,269.5571883280537,0.1848707254986784,4981.205364416903,0.43,1.4453375142918201,4.916513165991713
882,RLC,noise,6.850495807411941,5.022073336934506,4.948398597953655,0.8570717107213263,0.0033417085427135678,0.09452261306532664,-3.41118832330233,18.553942160493555,83.78947368421052,994174.4208909833,159.57824331355155,265.32623909479935,0.1849540951568586,5044.244120309697,0.385,1.3640772142912416,5.0105363749104175
883,RLC,noise,7.024725956376701,5.036155315880833,4.967649197527831,0.8278416611743228,0.003819095477386935,0.09452261306532664,-3.075950475337128,15.862674228012029,83.78947368421052,1000816.3454944986,154.5018348143609,262.0503393159519,0.17225935187004074,5072.572073134956,0.37,1.3948588786023297,5.053651947717228
884,RLC,noise,7.410768846772255,5.029701057827641,4.951874975026346,0.8813778774284651,0.0038190954773869353,0.09309045226130654,-2.903134664511898,15.72473308143022,83.78947368421052,996379.6353284991,159.79404767573394,268.8827442365329,0.19106977165065986,5059.578546222497,0.375,1.4734014530026587,5.000970555908696
885,RLC,noise,7.322287733504743,4.989560539876129,4.916315015126001,0.8517987163265699,0.003819095477386935,0.0935678391959799,-2.3395428676108407,13.036403473898705,83.78947368421052,981317.5504527302,149.38364487845737,256.3272497839858,0.1792931455883809,4979.142876217793,0.425,1.467521573290005,5.050126304629332
886,RLC,noise,7.355400952609471,5.005848757606957,4.922129448894002,0.9116816727156163,0.004296482412060302,0.09452261306532664,-2.7235643487395738,13.730820566210266,73.3157894736842,985730.6044310215,164.0671165693257,275.16946467666816,0.2045022213195773,5011.704356807023,0.405,1.469361402785512,4.875635215405556
887,RLC,noise,7.557491590387508,5.0519591489567635,4.966870199961643,0.9233047489647918,0.0038190954773869353,0.09452261306532664,-2.2408758144339824,11.498331842865303,73.3157894736842,1003842.2551047296,142.88185729859296,251.95664888456557,0.19906049782413748,5104.458248545589,0.38,1.4959526329400625,5.0301380355873615
888,RLC,noise,7.495531247542511,5.0369221474080055,4.955482023439931,0.9020990158585477,0.0042964824120603025,0.09452261306532664,-2.3408742954016666,11.836785212386179,73.3157894736842,998550.9794431119,147.16064229307494,260.4799556553544,0.19194760491414875,5074.116943809854,0.34,1.4881173518633204,4.988498209360828
889,RLC,noise,7.543063146742697,5.002382571767802,4.913966745802896,0.9363558167008587,0.004773869346733669,0.09404522613065328,-2.141849201496009,11.704902739016044,73.3157894736842,983421.5218775892,145.28016832068124,254.45495113167388,0.20609216916669282,5004.76627886525,0.39,1.5078940961680665,5.045600754123059
890,RLC,noise,7.802376076629204,5.04383257406375,4.9540264882882745,0.9475592796889875,0.004296482412060302,0.09452261306532664,-1.7410086024937197,9.34463678951319,73.3157894736842,999653.5598826915,141.23018045798858,249.7170945952081,0.20590173445348267,5088.0494070373115,0.3,1.5469141693462143,5.084950208689618
891,RLC,noise,8.134581716192065,5.0286300376536195,4.93238967415543,0.9791078377161191,0.005728643216080402,0.09452261306532664,-2.0604688426757445,10.87519775810008,73.3157894736842,992347.3160725952,152.14066465225795,266.6436452174413,0.21892780773604997,5057.424011118448,0.33,1.6176536462777238,5.106501875850199
892,RLC,noise,7.886634138066273,5.01192317899362,4.914947908394054,0.9811528983325836,0.004773869346733669,0.09404522613065328,-1.9097543740549918,10.144558712414614,73.3157894736842,985539.8301441179,138.6328287163582,247.9999152914275,0.22178933772608111,5023.874790426704,0.33,1.57357442570576,4.945165758904228
893,RLC,noise,7.68466323513373,5.042124041336954,4.944038382677124,0.9896965791814503,0.004773869346733669,0.09452261306532664,-1.7900586493556845,9.098954556346522,62.84210526315789,997356.2242629142,141.7903800303709,253.85580725476575,0.2213892780891859,5084.602969645619,0.37,1.5240924602672188,5.000248075268086
894,RLC,noise,7.535205820471648,5.029128277750855,4.927963596158171,1.0036463665121824,0.004296482412060302,0.09452261306532664,-2.081594345824308,10.053560007880654,62.84210526315789,991539.3551463486,146.95937091176847,259.6174461516567,0.23025458736460222,5058.426246814656,0.36,1.498312511495843,4.944324775657484
895,RLC,noise,7.744487394822824,5.032269097246003,4.927954848345442,1.019310198009298,0.004296482412060302,0.09452261306532664,-1.7684666128126034,9.124511921524814,62.84210526315789,992180.8531917857,153.22893235795692,266.79883806650554,0.2345375973573151,5064.7464534194205,0.345,1.538965274941503,4.934613403282566
896,RLC,noise,7.977282886447404,5.060404436747689,4.957891150664291,1.0134142300266047,0.005251256281407036,0.09452261306532664,-1.6230146545526116,8.303410380138782,62.84210526315789,1003768.6373935166,146.26298184075756,256.9414350527748,0.22929608734752457,5121.538612691139,0.31,1.5764121200507022,4.996102494282907
897,RLC,noise,7.667323034728934,5.055441917393215,4.947410712503757,1.0395288461314809,0.005251256281407036,0.09452261306532664,-1.787603293275553,8.68420771367486,62.84210526315789,1000687.5606858868,143.52168613966143,253.51002751569231,0.23942277273275925,5111.498596027277,0.37,1.516647438545295,4.968081116631771
898,RLC,noise,8.066382837153755,5.057732063002993,4.939734906775588,1.0861273737049828,0.005251256281407035,0.09452261306532664,-1.5747397483788628,7.477432404486475,62.84210526315789,999657.4050162345,150.86009369436897,264.1429981982792,0.255646322143156,5116.130724225701,0.345,1.5948616369298925,4.949422755855483
899,RLC,noise,7.964442649523648,5.096221956975642,4.985325116042111,1.0573607341491114,0.005251256281407036,0.09452261306532664,-1.6313752799841932,8.06132431749045,62.84210526315789,1016538.3016374853,147.0594901632936,262.017405806872,0.24125637987545134,5194.295646952127,0.33,1.562813142120316,5.080793229007044
900,RLC,noise,8.06372448420734,5.075790748999376,4.959048602562304,1.082353308791778,0.005251256281407036,0.09452261306532664,-1.2948880019122637,6.576714693082399,62.84210526315789,1007139.8795120907,144.43004354436314,257.6523237938431,0.2509326517217075,5152.73034552553,0.29,1.58866369457744,5.009262577945731
901,RLC,noise,7.864065626703494,5.068490805171763,4.94781625312078,1.0994150114786239,0.004773869346733669,0.09452261306532664,-1.5343422161146691,7.331042946825226,62.84210526315789,1003423.8509481802,141.17582656303594,248.15670357720194,0.2595446389742956,5137.91980842214,0.34,1.551559611922191,4.950041015045317
902,RLC,noise,7.760138733396881,5.0816139055322305,4.966270493305184,1.0765487783769097,0.004773869346733669,0.09452261306532664,-1.4365803857543678,6.379769131815991,62.84210526315789,1009740.0697019964,141.64807716576757,255.77559625606324,0.2449330724693644,5164.559976979706,0.31,1.527101207934866,5.107183565909901
903,RLC,noise,8.171946937471683,5.068722491216389,4.946943932120751,1.1043973132059721,0.006206030150753769,0.09452261306532664,-1.2530809639064457,6.235089658865739,52.368421052631575,1003292.6715902088,140.08487413964536,254.42998250204442,0.25757223542415725,5138.389538592575,0.325,1.612230093802311,4.882377446026785
904,RLC,noise,7.961055986436911,5.074231853310889,4.941939991848568,1.1511116445083138,0.005251256281407036,0.09452261306532664,-1.3668795649342766,5.607638547109982,62.84210526315789,1003431.9755114571,142.3498047203959,256.2657328977076,0.27514634665368043,5149.565780230971,0.285,1.5689184524042583,4.913405375603096
905,RLC,noise,8.153759155701172,5.083681095513162,4.956490816561889,1.1300496742247916,0.005728643216080402,0.09452261306532664,-1.225126732519608,6.104021379900404,52.368421052631575,1008215.3867993962,139.04649408426715,255.60879529737292,0.2655136647789515,5168.7626961755805,0.375,1.603908467605816,4.903612184277437
906,RLC,noise,8.268711023207228,5.055934778912568,4.915659878580938,1.182693724819459,0.006206030150753769,0.09452261306532664,-1.2326730680966889,5.809137720778152,52.368421052631575,994542.2996004783,141.47672327054298,256.676038897797,0.2861257526093926,5112.495297723536,0.32,1.6354465365523692,5.011478847723068
907,RLC,noise,8.200379114622711,5.050354435950284,4.917351638298607,1.1514047047171212,0.006206030150753769,0.09452261306532664,-1.2305203728162524,6.269518211231588,52.368421052631575,993731.9242739192,150.2608331691263,259.67325910653864,0.27825224925585557,5101.215985744543,0.305,1.6237234868605241,4.991555176002782
908,RLC,noise,8.200386756565358,5.092675244434537,4.954384334449486,1.1787353442727975,0.005251256281407035,0.09452261306532664,-0.8996299688188992,4.580017825880005,52.368421052631575,1009625.4524356314,142.28135875734955,255.74230537902707,0.2812406073103394,5187.068229055276,0.285,1.610231629343937,4.96319068977093
909,RLC,noise,8.440716761774135,5.1037171761439915,4.963211495116851,1.1893110059219816,0.005251256281407036,0.09452261306532664,-1.1171677974573595,5.812722874279617,52.368421052631575,1013630.017065729,152.79798253967596,267.3899870589556,0.2883592322656657,5209.58580281344,0.335,1.6538370898035037,4.939550181185959
910,RLC,noise,8.182036069274975,5.080489707260209,4.944149500723379,1.1690857026213657,0.0066834170854271355,0.09452261306532664,-1.080643753319404,5.0612068203745615,52.368421052631575,1005132.9157393634,139.66386293899313,250.43649833405053,0.27836011481454914,5162.275133115385,0.27,1.6104817725705736,5.012203234727215
911,RLC,noise,8.349130492963477,5.115165215385662,4.969268941296997,1.2129638781729948,0.0066834170854271355,0.09452261306532664,-1.155401759316309,5.1670611263787105,52.368421052631575,1017211.3288218889,152.74875514735615,266.21912518787843,0.2934270648867648,5232.98303613829,0.275,1.6322308549977085,5.0083114603585175
912,RLC,noise,8.328949793631265,5.080718582437107,4.929656800630868,1.2297093729477535,0.006206030150753768,0.09404522613065328,-1.0455115602859473,4.75998248959726,52.368421052631575,1002314.5554757916,147.5862210776975,257.90792385363244,0.3003504989109962,5162.740262784344,0.235,1.6393251581425035,5.038991078666363
913,RLC,noise,8.327855706189213,5.133140548443391,4.987338295504966,1.2147380854584848,0.006683417085427136,0.09452261306532664,-1.0124190717896344,5.117106485054933,52.368421052631575,1024453.5051339028,137.47999209786755,250.80779893296923,0.28819434883991707,5269.8263780147445,0.29,1.622370482085204,4.960828668322567
914,RLC,noise,8.272757949685168,5.147424612874701,5.000825091742069,1.2197247833143345,0.006206030150753769,0.09452261306532664,-0.9244361763310784,4.004420228705943,52.368421052631575,1030086.274833493,151.86921933760243,267.17874511528265,0.2876769499401249,5299.196029045654,0.245,1.6071644699746366,5.1308809229891965
915,RLC,noise,8.996526713869258,5.132013633916155,4.971697273329912,1.272709770947487,0.007160804020100503,0.09452261306532664,-0.9078442810432596,4.5668476331794645,52.368421052631575,1021116.856068699,152.8291110661414,264.3629688167185,0.3165974727850422,5267.512787740259,0.275,1.753020813197676,5.0013432074357835
916,RLC,noise,8.606846811594567,5.092354237007367,4.938335902745671,1.2429441607811547,0.0066834170854271355,0.09452261306532664,-0.8376924956065894,3.98243299124709,52.368421052631575,1006386.4619728961,142.12489782897038,256.176760545192,0.30085716917597266,5186.414335033375,0.285,1.6901508439940283,5.165788532096248
917,SALLEN_KEY,noise,5.704363069838526,4.98198420006266,4.961961792040973,0.4462081845949545,0.02,0.01969849246231156,-6.859004548276146,74.51313147737875,1194.0,988835.3084641969,947.1493489913714,1520.8279000032724,0.06272273247251153,4964.033313934797,0.455,1.1449982257604872,5.063788969821576
918,SALLEN_KEY,noise,5.628374844009482,4.954782901631513,4.934587491089499,0.4469003189560705,0.00010050251256281407,0.019899497487437186,-7.241099355416918,79.48334388019568,1592.0,978055.6966216172,884.4061974988696,1437.7196778721989,0.06454740024300212,4909.97472046,0.48,1.135947821680778,4.929161421954694
919,SALLEN_KEY,noise,5.652726363986083,4.998256756307066,4.975400209875522,0.47745508012780935,0.00040201005025125634,0.019899497487437186,-6.731890195267221,69.4229855717647,298.5,994765.8551766928,847.973681672184,1398.2928407901284,0.07091285195823982,4996.514120393847,0.455,1.1309395734529188,5.005920181063244
920,SALLEN_KEY,noise,5.675100269661518,4.967503048140865,4.940793935810624,0.5144334914697446,0.00040201005025125634,0.01969849246231156,-5.639691807318119,48.11013252776249,99.5,981753.7669845206,844.4204574665614,1366.3135154422262,0.0815417881505208,4935.217306657758,0.475,1.1424452516008978,4.986110009514613
921,SALLEN_KEY,noise,5.577469043982696,4.974016334866274,4.947796552534903,0.5100468353399065,0.00040201005025125634,0.019899497487437186,-5.525697414483767,44.85903997197797,398.0,984433.0664564564,766.1392501352703,1310.3264555844717,0.07918487024364464,4948.167699903304,0.405,1.1213210147474608,4.975296421606782
922,SALLEN_KEY,noise,5.838805075641157,4.971538373138513,4.938451114627296,0.5726206283615349,0.0010050251256281406,0.019899497487437186,-5.119454231824458,37.57303843391881,248.75,982095.6480506178,753.3239936273739,1276.516319179834,0.09688747578583323,4943.238759117747,0.46,1.1744463458611791,5.010763177484002
923,SALLEN_KEY,noise,5.694779827913528,4.9573279315006396,4.927105780331346,0.5465609296883873,0.0006030150753768845,0.019899497487437186,-5.275406846829872,37.8040049453933,149.25,977036.1770020908,711.4271023318554,1256.7778702836702,0.08914984238592634,4915.020044087281,0.45,1.1487599583087604,4.980731217973689
924,SALLEN_KEY,noise,5.68531887576189,4.9430350001891386,4.904893529217528,0.6128739512614819,0.0007035175879396985,0.019899497487437186,-5.347888631604121,36.11886018889399,99.5,969836.493068622,746.464477381451,1273.4361951118358,0.10974163941791475,4886.719002618967,0.455,1.15016763497413,5.048151168545565
925,SALLEN_KEY,noise,5.7068756910008425,4.934757628846994,4.8942843753409075,0.6307244317112424,0.0013065326633165829,0.019899497487437186,-4.911719475148986,30.976620642141064,99.5,966118.6956054305,768.8637320112707,1302.6379450858433,0.11519277798634708,4870.366571092722,0.475,1.1564652451500954,4.953324245433397
926,SALLEN_KEY,noise,5.594249340268878,4.93805881697375,4.896295597279984,0.6408699586880612,0.0008040201005025127,0.019899497487437186,-4.912045570645584,29.802570801004677,149.25,967163.4710002955,738.6951686863067,1268.0780967415503,0.11784313595000684,4876.884975978439,0.475,1.1328843068939527,5.115254048587091
927,SALLEN_KEY,noise,5.705358021540176,4.925236770221299,4.878254480127905,0.6786681588611313,0.0011055276381909548,0.019899497487437186,-4.826668542216449,28.913973417738706,348.25,961107.138871846,742.079561230212,1276.9536663137162,0.130518620588403,4851.591448547986,0.43,1.1583926393215458,5.021789941823053
928,SALLEN_KEY,noise,5.7438383915750615,4.915414106256613,4.86655230994191,0.6913497310229808,0.002110552763819095,0.019899497487437186,-4.705078250497807,26.536940434590463,149.25,956901.8197416302,735.4649808158607,1275.7939431307616,0.1344612257173987,4832.259167197299,0.45,1.1685360108854277,4.965867112166892
929,SALLEN_KEY,noise,5.715274253386965,4.917010715104719,4.868219257833505,0.6909671700693335,0.001507537688442211,0.019899497487437186,-4.49465373479863,24.32474415886913,99.5,957534.6162279272,719.4841358563102,1270.9100142736327,0.13350085476593215,4835.398874490925,0.415,1.1623473253434318,5.041946225169167
930,SALLEN_KEY,noise,5.703958144540996,4.940163855001905,4.886858788694218,0.7237610749614531,0.0012060301507537687,0.019899497487437186,-4.423320178797146,23.021515274196567,199.0,965744.8055508567,721.6289793556726,1276.6682717300864,0.14239850424217984,4881.043782853456,0.4,1.1546091004179448,4.957914613613379
931,SALLEN_KEY,noise,5.6840555041085175,4.92888312474463,4.872632414489242,0.7425242155385361,0.0015075376884422112,0.019798994974874373,-4.505928180697595,23.78239685554843,99.5,960729.9247634147,680.4525808471403,1208.5399211469387,0.14896828121913858,4858.777771478477,0.39,1.1532136916723936,5.114037413709836
932,SALLEN_KEY,noise,5.815127369511816,4.915242004014548,4.851914705826613,0.7864652855736219,0.002010050251256281,0.019798994974874373,-4.088182148306659,19.63782154449247,99.5,954013.6345798912,723.1788908300892,1277.53607244623,0.16377568382770588,4831.920791605789,0.355,1.1830805817419128,4.936545108240064
933,SALLEN_KEY,noise,5.668107796648108,4.90288823032728,4.843059880603728,0.7635993661393159,0.0017085427135678393,0.019798994974874373,-4.067180804588036,19.013627134364864,149.25,949871.6142237068,691.8906407755017,1228.0765816508958,0.15651550652419752,4807.662599816353,0.365,1.1560752622479726,5.006470941502155
934,SALLEN_KEY,noise,5.887996203743788,4.889130289388791,4.821952979112023,0.807690815752915,0.0017085427135678393,0.019899497487437186,-4.060505972790027,18.921942254164488,99.5,943098.702780804,741.4642015852434,1301.9724489367295,0.17284516614935966,4780.718997323784,0.355,1.2043033945163832,4.881490526177646
935,SALLEN_KEY,noise,5.792128616947158,4.853630210973997,4.784239198582445,0.8177906306792035,0.0021105527638190956,0.019899497487437186,-3.8170007592983466,16.64211814093935,99.5,928933.7658113096,712.1265775617231,1277.2421218158886,0.1778663944092874,4711.545244975898,0.34,1.1933600965008062,4.893004757074959
936,SALLEN_KEY,noise,5.792100486999812,4.893419089160761,4.815775526698476,0.868249076368611,0.0023115577889447235,0.019899497487437186,-3.8414994748541855,16.500255182855337,99.5,942745.1721732703,712.3833214502491,1237.3191552960466,0.1954674745960322,4789.1100764325865,0.345,1.1836510181254836,4.976615775455388
937,SALLEN_KEY,noise,5.795494543869025,4.876095269845071,4.799511475269817,0.8608104781883282,0.003718592964824121,0.019899497487437186,-3.7581888749221304,15.62151461484332,99.5,936256.6062236212,730.0090915657162,1287.9159972864713,0.1924126249029909,4755.261016121095,0.345,1.188552360678787,4.992520320194296
938,SALLEN_KEY,noise,5.734000398283815,4.882056448049538,4.805098072981981,0.8634278608933802,0.002110552763819095,0.019899497487437186,-3.639703454949197,14.835162894778488,149.25,938515.0108925584,769.0318781227152,1329.877212766553,0.19372333886587614,4766.895032388415,0.295,1.1745051412862386,5.045812079969535
939,SALLEN_KEY,noise,5.6653824152466585,4.844077536696275,4.764045774490074,0.8769008154225454,0.002010050251256281,0.019899497487437186,-3.5920213263435454,14.08724033592586,99.5,923224.7849061119,718.496866866555,1271.7246458138193,0.1997458321815783,4693.017436305092,0.285,1.1695482519279665,4.980432067758224
940,SALLEN_KEY,noise,5.713383656937566,4.8099015685162145,4.727410198971447,0.8869869838252951,0.003015075376884422,0.019899497487437186,-3.5846574781372866,14.094908661811942,99.5,909675.148192106,708.3790499520886,1234.1922826074792,0.20616334540160183,4627.030619762949,0.315,1.187837957918973,4.973373849493341
941,SALLEN_KEY,noise,5.721710228712336,4.833681972743925,4.74805682606708,0.905780210684363,0.001407035175879397,0.019899497487437186,-3.417424218990265,12.5883081795166,99.5,918198.0142802419,694.1743451048018,1259.8959028004351,0.20853453835789684,4672.89628272592,0.235,1.1837167320845285,4.906993591951814
942,SALLEN_KEY,noise,5.7917185919532725,4.862346999986127,4.774219251070857,0.9215470096411341,0.002814070351758794,0.019899497487437186,-3.2607734678704867,11.415792203456503,149.25,928728.5234187808,696.3923063499744,1238.5628914090028,0.213589693181289,4728.483669654817,0.255,1.1911364186821296,5.070204245602662
943,SALLEN_KEY,noise,5.739947509471266,4.8341260932150565,4.742045992644957,0.9390286943126698,0.003015075376884422,0.019899497487437186,-3.3750385066043505,12.322572466654474,99.5,917145.0812765321,695.0384314413822,1225.84107937288,0.22364637175903362,4673.755017020532,0.265,1.1873805934701571,5.0518553946852105
944,SALLEN_KEY,noise,5.702772851488424,4.8020056589922815,4.7051190105752845,0.9597465526465575,0.0030150753768844224,0.019798994974874373,-3.198949164039477,10.824735404680093,99.5,903949.0318630446,698.3276804433675,1243.0774613547921,0.23320435943070567,4611.851669798779,0.275,1.1875814516814152,5.063601623096347
945,SALLEN_KEY,noise,5.720701584272105,4.804651793740788,4.705784811790454,0.9696742567578319,0.002914572864321608,0.019899497487437186,-3.258361388844958,11.133578598533719,99.5,904582.5020882509,674.0557469493938,1240.5770740709208,0.2325120715482361,4616.935771819315,0.225,1.1906589342696368,4.998232174954244
946,SALLEN_KEY,noise,5.632491929056693,4.8373381780148526,4.7344751572604,0.9922628854109959,0.0021105527638190956,0.019899497487437186,-3.2234924313390056,10.604445785258456,99.5,916340.4736381302,695.4799928767324,1263.7916509527668,0.24121839962522426,4679.968129696011,0.185,1.1643783671473957,5.095932188375022
947,SALLEN_KEY,noise,5.744647713576199,4.791363798340628,4.686355383291102,0.997617296134967,0.0026130653266331657,0.019798994974874373,-3.2262833672651254,10.985430692393345,99.5,898391.9473618136,690.9615047799876,1241.094841122844,0.2463911077046786,4591.433409609826,0.26,1.1989587840451017,4.885974577246499
948,SALLEN_KEY,noise,5.753396048542882,4.794182720384827,4.684616721697626,1.0190947587086465,0.00271356783919598,0.019899497487437186,-2.956063393291612,8.885491199652046,99.5,898613.7098878423,706.6971516784014,1264.9596042462,0.25582352462298236,4596.837591287291,0.225,1.200078591931736,5.0434041498775155
949,SALLEN_KEY,noise,5.751839395559418,4.812367728668557,4.693760746460234,1.0618348322218572,0.002814070351758794,0.019899497487437186,-2.88560664816731,8.665207646686044,99.5,903805.4953584444,758.2618402712492,1319.6513803594648,0.2706491229098642,4631.776631186112,0.195,1.1952202574408806,5.047216932480071
950,SALLEN_KEY,noise,5.985439067993,4.780242206899835,4.670632969417322,1.017793309871185,0.004522613065326633,0.019899497487437186,-2.8907778785599754,8.445300941871533,99.5,893311.8464360802,670.552165675867,1219.3767038676758,0.2532041816949855,4570.143111325322,0.24,1.2521204593678485,4.971533105022278
951,SALLEN_KEY,noise,5.721078757332228,4.770495017319041,4.652878796232549,1.0527780477552429,0.0027135678391959797,0.019798994974874373,-2.935651861631748,8.45864367164162,99.5,888165.9788729155,652.2607331568133,1200.1722714382927,0.2683394970534313,4551.524542053158,0.105,1.199263123965572,5.106947065996408
952,SALLEN_KEY,noise,5.893335197717889,4.754792025760302,4.63818207321806,1.0465726271560791,0.0052261306532663315,0.019899497487437186,-2.954559984080692,8.811757740295999,99.5,882464.4083268238,709.9860995926354,1265.6096098678215,0.26893871506059674,4521.609441646751,0.125,1.239451729074424,5.030763989120971
953,SALLEN_KEY,noise,5.828734162581607,4.736591218163199,4.6089586905598905,1.0921520758086805,0.004020100502512562,0.019899497487437186,-2.939112169228687,8.743338932686216,99.5,873557.1274743719,659.068156883422,1194.7685944492823,0.2872271104485628,4487.059273596149,0.105,1.2305757229440477,4.895753033960288
954,SALLEN_KEY,noise,5.714396659526346,4.731843413284209,4.612136647810733,1.057609393756661,0.003417085427135678,0.01969849246231156,-2.812677891087863,7.71956364387731,99.5,873245.5128390192,706.5774618384315,1271.1257260058376,0.272451836422886,4478.068417568231,0.145,1.2076470331802847,4.94004678334319
955,SALLEN_KEY,noise,5.663668718214634,4.696849028346134,4.57214164531494,1.075133280227535,0.0037185929648241205,0.019899497487437186,-2.8528196107347283,8.223929372136672,99.5,859299.5943482489,687.4387681976568,1226.9746705323187,0.2868015253989497,4412.078159015205,0.135,1.2058443190389152,5.020134101932969
956,SALLEN_KEY,noise,5.753626525268094,4.711400443992891,4.591856166395501,1.0545857436889736,0.00542713567839196,0.019899497487437186,-2.6277238105390217,6.538532231603792,99.5,865648.7454932057,671.52452620575,1216.8325882658673,0.27299858947712496,4439.458828731281,0.175,1.2212136483970615,5.178693866821264
957,SALLEN_KEY,noise,5.724536465635951,4.722278895865323,4.589228410877105,1.1130591013658762,0.004321608040201005,0.019899497487437186,-2.765214900334449,7.4062940116225775,99.5,867247.1759065972,735.9388055668674,1305.5649496402157,0.30018788020527093,4459.983594067002,0.145,1.2122402322844958,5.017796356800759
958,SALLEN_KEY,noise,5.64067246504709,4.6745949516024305,4.5382839597860904,1.1206322598851077,0.004120603015075377,0.019899497487437186,-2.8018532753072884,7.540805903574213,99.5,848963.444628982,656.2767487292896,1198.0606556795524,0.30438034779496936,4370.367592309385,0.06,1.2066655022406791,4.8996036346376135
959,SALLEN_KEY,noise,5.549907929632204,4.698034915436068,4.560909364075108,1.1267820726956828,0.0033165829145728647,0.019899497487437186,-2.5855602940113496,6.12549300419597,99.5,857468.8934430053,659.8233479890519,1206.0940595643142,0.302492382902077,4414.306413331276,0.125,1.1813253901960552,4.977823013368886
960,SALLEN_KEY,noise,5.529750206103048,4.708480688632866,4.567890581474914,1.1420008891859086,0.004120603015075377,0.019899497487437186,-2.641591297572463,6.560082563308667,99.5,860722.3924829902,659.9314945219788,1225.710601309095,0.3050377564333928,4433.958079045726,0.085,1.1744234651854635,4.944880700547605
961,SALLEN_KEY,noise,5.628977912802132,4.684133780023678,4.536395063673453,1.1671457044594025,0.00422110552763819,0.019798994974874373,-2.5747020567393646,6.208402340407991,99.5,850399.9657194584,672.5032333841413,1223.8927755528937,0.32332020349982077,4388.221853831782,0.125,1.201711602859831,5.005059864445713
962,SALLEN_KEY,noise,5.720715704284673,4.699286687875208,4.551726895241159,1.1683653734938484,0.0031155778894472364,0.019899497487437186,-2.4971825302200217,5.645457002849669,99.5,856037.5450288091,726.3783063616551,1288.2652948346868,0.3224608578889077,4416.659074968228,0.115,1.2173583107931867,4.986038042900256
963,SALLEN_KEY,noise,5.562676957683522,4.665754128618751,4.512818398924292,1.184791832793134,0.004020100502512563,0.019899497487437186,-2.505348961650492,5.817465221077024,99.5,842708.8677427616,705.1679242571776,1270.7636685038567,0.330881942791209,4353.852317744584,0.075,1.1922353395270522,4.93122632934761
964,SALLEN_KEY,noise,5.625733819923574,4.653507948636364,4.500121813323662,1.1849218933205656,0.004623115577889447,0.019899497487437186,-2.4291147533005413,5.33957376612128,99.5,838144.0214491363,676.8996049612099,1225.379665056176,0.334476944644201,4331.027245604366,0.125,1.2089232213672494,5.1158203803828055
965,SALLEN_KEY,noise,5.639639957316111,4.680845421253247,4.519196095090024,1.2195001073352039,0.004120603015075377,0.019899497487437186,-2.5156106772814466,5.700362431084848,99.5,846689.6894764196,656.8075251788209,1192.452054779157,0.3458188491135618,4382.062771533498,0.08,1.2048336250775307,4.9693737962355495
966,SALLEN_KEY,noise,5.811995379007824,4.689064507087059,4.533481298410575,1.1978619572326261,0.004120603015075377,0.019899497487437186,-2.454190818086901,5.531052710774402,99.5,850795.7528218315,691.5876606859981,1256.4925821414072,0.3336981035934944,4397.46519032472,0.045,1.2394786572510499,5.028256605351684
967,SALLEN_KEY,noise,5.704416565729493,4.650703738037396,4.493050464303079,1.2006426546732736,0.0066331658291457285,0.019899497487437186,-2.379861210218515,4.974951738540588,99.5,836345.6789015968,704.7710711123166,1278.1764742536113,0.33738912515876196,4325.809051799,0.095,1.2265706196406236,4.965014675643763
968,RC_LADDER,noise,5.774231114468331,4.897381908239803,4.840881834190875,0.7417631849554958,0.00907035175879397,0.09452261306532664,-4.232737926210059,21.92785503048727,52.368421052631575,948377.5898635857,151.20281160554867,259.1468355740246,0.15123815577319785,4796.869911030906,0.4,1.1790444818594272,5.068748537517835
969,RC_LADDER,noise,5.60874142226326,4.646357580651648,4.520386056572672,1.074592325871725,0.01814070351758794,0.09452261306532664,-2.3981208089727217,5.397829204116903,52.368421052631575,840453.242211711,141.57613846736422,257.6332241754713,0.28508634586971715,4317.727753455807,0.125,1.2071265125222324,5.034824257224061
970,RC_LADDER,noise,5.533195018466024,4.385925463346871,4.196133648118602,1.27624628389717,0.03389447236180905,0.09404522613065328,-1.8115409894703856,2.502265000018574,52.368421052631575,736906.1284768553,146.58240082685097,261.66305810751174,0.4018801808865532,3847.268434006894,0.055,1.261579811309351,4.992801080265164
971,RC_LADDER,noise,5.5282766482855,4.134763887029853,3.888953883643788,1.4043895799877315,0.05298994974874373,0.09404522613065328,-1.39474944072687,0.8925894688583678,52.368421052631575,644417.7147298289,148.87531426564672,260.24760959804246,0.5059350865114316,3419.254480297243,0.055,1.3370235397544445,4.978069895944669
972,RC_LADDER,noise,5.312270548363844,3.8924879863122417,3.610822105880759,1.453762856613132,0.053467336683417084,0.09452261306532664,-1.11124044785547,0.08263489571370819,52.368421052631575,563795.2457864445,136.10367291119456,248.13343936014365,0.5783736131618349,3030.2925447170264,0.055,1.36474937547507,4.866849945882349
973,RC_LADDER,noise,5.201127511806698,3.6022550417442116,3.3040558144041574,1.4350806810328371,0.0591959798994975,0.09404522613065328,-0.9075071804769561,-0.34355632491120414,52.368421052631575,477872.8687405647,146.5595634476905,254.66748356612763,0.6439306766369639,2595.248277154318,0.045,1.4438532118170935,4.7471442528844685
974,RC_LADDER,noise,5.002692542731098,3.3909452248988203,3.0681153834611554,1.4440143739011455,0.05967336683417085,0.09452261306532664,-0.7618062370685154,-0.667257480556096,52.368421052631575,418241.01360218885,150.77582075947936,262.03661827480613,0.705480020646387,2299.7019036528222,0.045,1.4753091574578203,4.554990808747425
975,RC_LADDER,noise,4.897160750845336,3.167512438583758,2.8448643207346134,1.392796483767104,0.07208542713567839,0.09404522613065328,-0.603463994508206,-0.8337591102450981,52.368421052631575,362528.8101928768,157.4872513677525,265.50583252990634,0.7505294060164616,2006.6270097165648,0.055,1.5460588855761301,4.494775255679771
976,RC_LADDER,noise,4.646549244347899,2.9488697141583886,2.628377591513803,1.3369606678989019,0.0735175879396985,0.09452261306532664,-0.5369165289449171,-0.9254276099652574,52.368421052631575,312084.39027845656,156.26144645529914,264.0186194792002,0.7926701376755512,1739.1665182161153,0.055,1.5757051666401036,4.27439012425602
977,RC_LADDER,noise,4.351943023504433,2.789952063195865,2.465924608310799,1.305008942903494,0.07351758793969851,0.09452261306532664,-0.48913331794716386,-1.0069747029014489,52.368421052631575,277294.6268280551,157.25582735260468,267.31392469577105,0.8273070419391352,1556.7665029861728,0.045,1.5598630101620177,4.04268170039022
978,RC_LADDER,noise,4.251081678957494,2.625851896111987,2.2988749336629253,1.268965019096744,0.0692211055276382,0.09404522613065328,-0.3671392258328088,-1.132002027242932,52.368421052631575,243599.52380184943,143.72185064347485,249.74216182736978,0.8652052267351044,1379.0196360629839,0.035,1.6189342914777223,3.9529077821008856
979,RC_LADDER,noise,3.961399072345532,2.43778433794968,2.122067422625617,1.1998426280907966,0.07399497487437187,0.09452261306532664,-0.3429969017190986,-1.1746434467487434,52.368421052631575,208919.37372340026,151.29778693201976,258.9139245708745,0.8847620212742506,1188.5584956705518,0.005,1.6249998044032483,3.7063093793878665
980,RC_LADDER,noise,3.7494215240133655,2.3139391131554623,2.0096756416274557,1.1469603458010056,0.07399497487437187,0.09452261306532664,-0.28087490101895374,-1.216472991810797,52.368421052631575,187863.26605219266,147.92016622114434,254.23153722532783,0.8966222350931738,1070.8628438781377,0.045,1.6203630867799157,3.539489816346625
981,RC_LADDER,noise,3.770606600088886,2.1754562957000187,1.8689796508048466,1.1133396424174613,0.0749497487437186,0.09452261306532664,-0.23265931844653268,-1.1969458584645696,52.368421052631575,164523.53549880252,154.79952212528573,257.6065750148501,0.9567776946190147,946.5220189001693,0.025,1.7332486097476758,3.4296785578798987
982,RC_LADDER,noise,3.444047306634826,2.04760155770868,1.753313967366501,1.0576210431759352,0.07113065326633165,0.09404522613065328,-0.2039182190215645,-1.2168198952819542,52.368421052631575,145335.92098324173,155.68432269595763,255.50183009780025,0.9742785453640624,838.5344278262023,0.065,1.6819909584796398,3.233179410337005
983,RC_LADDER,noise,3.3654180930291,1.934601013183731,1.6528240088700779,1.005412291507402,0.07399497487437186,0.09404522613065328,-0.15800594822980932,-1.233246282287928,52.368421052631575,129490.85580509849,147.9183168491794,247.5571003742716,0.9787754307181579,748.5362160423037,0.035,1.7395928514948436,3.09821182328863
984,RC_LADDER,noise,3.249264173726188,1.8397170641070124,1.5665343065782662,0.9646393845784424,0.0849748743718593,0.09452261306532664,-0.11326575187669097,-1.2949676831341088,52.368421052631575,116775.71312475878,154.16354110965668,263.14865489664584,0.9822951939634317,676.911775193305,0.055,1.7661760262594297,2.9757129906307136
985,RC_LADDER,noise,3.0600771605139783,1.7451426721819128,1.4742191560630746,0.9339169268017915,0.06922110552763819,0.0935678391959799,-0.12440669855087774,-1.261571823321138,52.368421052631575,104379.41223857258,148.94778926507547,256.2661963007893,1.0135349804451026,609.1045892540453,0.045,1.7534825142336543,2.818830734871061
986,RC_LADDER,noise,2.831055103859393,1.660920059393641,1.3969250542388796,0.8984741713237392,0.06778894472361809,0.09404522613065328,-0.12089836486167332,-1.3222917291574254,52.368421052631575,94201.58986261295,148.90685800923237,252.86056816486678,1.0257563136190846,551.7310887392351,0.035,1.7045101525794915,2.6600924178186074
987,RC_LADDER,noise,2.772693723279241,1.572201082808372,1.3250451440846067,0.8462101458394486,0.07829145728643216,0.09404522613065328,-0.02764591234286933,-1.3078524814945611,52.368421052631575,84552.76160026796,152.27167007058105,260.2909427652054,1.024293200268883,494.36324895676336,0.035,1.7635744903104047,2.5920967285082597
988,RC_LADDER,noise,2.6562707880272862,1.507788005988242,1.2593366436134594,0.8291537185916652,0.06969849246231155,0.09452261306532664,-0.022376763664033492,-1.3085716610578464,52.368421052631575,77187.73993015576,153.08836403744886,255.59341817890933,1.065479924455294,454.6849342003998,0.045,1.7617004363198259,2.507217953733176
989,RC_LADDER,noise,2.5801620606155,1.4285584578056674,1.1881674812293381,0.7931187199387221,0.06969849246231156,0.09404522613065328,-0.024772576400937645,-1.3173685183420614,52.368421052631575,69051.45177458483,150.07540484198313,257.7424168833027,1.0745264597361663,408.15585347362133,0.035,1.8061298412518234,2.3562249427741384
990,RC_LADDER,noise,2.420541067770428,1.360964641462891,1.1304049426903218,0.757898028004761,0.06396984924623117,0.09452261306532664,0.03431674207118608,-1.3094034464827164,52.368421052631575,62601.322920676575,157.03645576087655,259.63034111484393,1.0875200267957394,370.4449510624431,0.045,1.7785480930412754,2.2911749658877016
991,RC_LADDER,noise,2.452398102745941,1.3028839114208728,1.0836309689757324,0.723360497757562,0.07685929648241206,0.09452261306532664,0.01162485573317851,-1.2763095711831214,52.368421052631575,57438.47010681516,164.020072517857,269.5284376453473,1.0871977276947802,339.50129732787053,0.025,1.8822844316739276,2.1982995255982187
992,RC_LADDER,noise,2.280541319935999,1.2486011653188258,1.0336624382663957,0.7003904866234977,0.07256281407035177,0.09309045226130654,0.040063357966344464,-1.2928613630253964,52.368421052631575,52549.26138527086,152.38720755631914,257.66923389768164,1.093149334932744,311.800974007106,0.025,1.8264770074547152,2.1072873391492815
993,RC_LADDER,noise,2.2613970794862173,1.20004649114443,0.9880924323697028,0.681017566588251,0.07208542713567839,0.09404522613065328,0.10066410042322366,-1.3003641603928586,52.368421052631575,48330.93287062789,155.24818348058565,259.8602646212714,1.1221444549469348,288.02231618161164,0.045,1.884424558693243,2.055922108171373
994,RC_LADDER,noise,2.1089638286405803,1.1459117915084434,0.9463418202163945,0.6461818577054075,0.0735175879396985,0.09404522613065328,0.09958455214541788,-1.2768196516047243,52.368421052631575,44175.139185158805,155.58340073884702,260.7889308711577,1.1131323434660907,262.62276678361803,0.045,1.8404242318376047,1.9663208645320052
995,RC_LADDER,noise,2.11266631634704,1.103079671307306,0.9042833060905562,0.6317091605932019,0.07829145728643216,0.09452261306532664,0.12376281025798516,-1.2488766845614836,52.368421052631575,40690.423531296045,162.90116990412136,268.50060611064777,1.1508544950454227,243.35695225028687,0.035,1.915243632260243,1.8957577387758007
996,RC_LADDER,noise,2.003187886386288,1.0615093065946855,0.8739807311133295,0.6024613594495001,0.0720854271356784,0.09404522613065328,0.09996890880863266,-1.2839369304036423,52.368421052631575,37812.89649852242,164.71362031330412,267.5072512977071,1.1288932740257234,225.36040159742595,0.055,1.8871128815747278,1.827769236957638
997,RC_LADDER,noise,1.836449744041232,1.0148389968226967,0.8297037973144825,0.5843712845392266,0.07399497487437187,0.09309045226130654,0.14067775860974363,-1.2985586074985902,52.368421052631575,34366.13549328409,159.05819784348176,265.0992169879229,1.1420685069590073,205.97963789441948,0.005,1.8095971378621347,1.7644420847816698
998,RC_LADDER,noise,1.7708563695794612,0.9688907777388924,0.7883006828522494,0.5633217309869673,0.0692211055276382,0.09309045226130654,0.15197791020217666,-1.3081996243021838,52.368421052631575,31203.38921251496,162.53119647856084,266.4509506256446,1.1655606718481593,187.74986783749517,0.035,1.8277151669377243,1.6894852322015115
999,RC_LADDER,noise,1.7372722639292588,0.9367914570501119,0.7615980696956935,0.5454783352598571,0.07160804020100503,0.09309045226130654,0.1806529953293868,-1.283304629766308,52.368421052631575,29152.75132092474,163.72154649392346,266.6151357369338,1.1721383283601643,175.51564680041432,0.055,1.854492001239852,1.639746388878244
1000,RC_LADDER,noise,1.6607015267551033,0.9007258600974453,0.7313668862514714,0.525746662132162,0.07304020100502513,0.09452261306532664,0.15021061015902198,-1.2934774339306858,52.368421052631575,26927.145523102725,162.47990835799192,267.0291429521846,1.1790193264765896,162.2614150096565,0.055,1.8437369241019015,1.5688393775028382
1001,RC_LADDER,noise,1.6550361154768722,0.8675271269754922,0.7039298534388791,0.5070365642395722,0.07017587939698493,0.09404522613065328,0.18715322057034797,-1.2495344398441341,52.368421052631575,24963.300723467433,159.8375493471735,262.20480051368924,1.1815820487918829,150.52066320767034,0.045,1.9077629552022382,1.5294522834535753
1002,RC_LADDER,noise,1.6376938740982716,0.8406751040673076,0.6788865729708017,0.4958302649481361,0.07065326633165829,0.09452261306532664,0.20815255089968288,-1.2940328003325983,52.368421052631575,23353.30196152141,156.3704668227495,262.3814797388656,1.185612749890866,141.3469261197157,0.035,1.9480699097366772,1.478447139873038
1003,RC_LADDER,noise,1.5706142483940722,0.8132990355294551,0.6570027819433605,0.47937737296604543,0.07208542713567839,0.09452261306532664,0.2216390941303625,-1.2565853536875842,52.368421052631575,21862.65727073732,163.48251433202302,266.49877550677235,1.2005917822099736,132.29106423862837,0.025,1.9311645283971193,1.4402195282681016
1004,RC_LADDER,noise,1.5401416615933752,0.7807630450033557,0.6268329260412732,0.4654797689196039,0.0677889447236181,0.09452261306532664,0.21078555762884393,-1.2423338596735296,52.368421052631575,20050.477169271922,163.8813772716883,263.28697317654877,1.2354403485115524,121.91818648858242,0.025,1.972610859914298,1.4013950953553453
1005,RC_LADDER,noise,1.50094859641768,0.7565484483093209,0.6077090019292647,0.45061660379237917,0.07017587939698493,0.09452261306532664,0.22582639806844587,-1.2524268628879442,52.368421052631575,18834.02485978911,164.71503564509533,269.4840805332059,1.2288998844070624,114.47311092784821,0.035,1.9839424689481422,1.3426681627900865
1006,RC_LADDER,noise,1.4360623569886917,0.7330449138281189,0.5875737053684613,0.43830581384331513,0.07017587939698493,0.09404522613065328,0.23071404122511818,-1.245394660148838,52.368421052631575,17653.676455678,161.85777001259862,267.17888091696256,1.227715340496119,107.47096913785485,0.055,1.9590373385025808,1.3050711964547543
1007,RC_LADDER,noise,1.4145939843871564,0.7088837278240618,0.5660661924343038,0.4267144306871614,0.07208542713567839,0.0935678391959799,0.2548119408307356,-1.194380379554896,52.368421052631575,16458.992724761516,158.10841635529613,258.4091080997904,1.2531836721374974,100.5032279147477,0.025,1.9955232838102968,1.2849831392073099
1008,RC_LADDER,noise,1.332498903078125,0.6829946434803571,0.5430386309932066,0.41423511231169696,0.07017587939698493,0.09452261306532664,0.24510969292235857,-1.2312085426150827,52.368421052631575,15227.452775014546,160.35394892972232,260.2420558006117,1.2671371863263479,93.29633660457202,0.045,1.9509653784223968,1.2313591458676187
1009,RC_LADDER,noise,1.3051013771409,0.6650219496033757,0.5328046033501436,0.3979616163691806,0.06826633165829146,0.09452261306532664,0.24484374152861427,-1.2316958543756993,52.368421052631575,14522.698867339775,166.88175976361788,265.4757726827063,1.2380340795930542,88.45083869085495,0.035,1.962493685989271,1.1935932907516449
1010,RC_LADDER,noise,1.2825972748157797,0.6395668011667982,0.5064823321185372,0.3905398064301495,0.07113065326633167,0.09452261306532664,0.26854816381742663,-1.246040943604308,52.368421052631575,13311.850844830708,160.11935739338773,260.6198916144419,1.2699825284746518,81.80913863094617,0.025,2.005415653964315,1.1496802089783253
1011,RC_LADDER,noise,1.228315792742711,0.6201557839268488,0.4948864961234859,0.37373861493367716,0.0735175879396985,0.09404522613065328,0.2702103894310322,-1.2463112084197405,52.368421052631575,12590.117001796894,163.83775287782456,263.0356709872009,1.2459029536684028,76.91863926758488,0.035,1.9806568358759329,1.1163833705210124
1012,RC_LADDER,noise,1.1562996862671475,0.5988814631299393,0.47993642358263194,0.35821786136284334,0.0706532663316583,0.09404522613065328,0.27176149414899325,-1.2263256740400517,52.368421052631575,11781.109218342448,163.0618869301664,263.92960775574034,1.2238627409858973,71.73180137613136,0.025,1.93076553116867,1.0823990853226004
1013,RC_LADDER,noise,1.174929957134783,0.5790784310077054,0.4618856934912942,0.3492755866166602,0.07447236180904523,0.09452261306532664,0.2820395349572719,-1.2226908598889938,52.368421052631575,10974.040134733608,166.53316850660286,267.77145769247545,1.2508252409519933,67.06636585166918,0.035,2.028965152596314,1.0455203455486919
1014,RC_LADDER,noise,1.1312359283431652,0.5656566875704934,0.4499039201572311,0.34286141634832357,0.07590452261306532,0.09452261306532664,0.2810368281263357,-1.198765706216901,52.368421052631575,10447.66367836336,155.59086894217788,258.20668505461276,1.2504813322335138,63.993497638644534,0.015,1.9998630851547885,1.023666406711453
1015,RC_LADDER,noise,1.0977474613438971,0.550902354175428,0.43436020889516336,0.3388578061142738,0.06635678391959798,0.09404522613065328,0.26508092866231636,-1.2268512684154151,52.368421052631575,9843.431374399044,168.24430132410308,264.71425656196476,1.2976089591188729,60.69868076720574,0.045,1.99263527015957,1.002128939848153
1016,RC_LADDER,noise,1.0615905928846816,0.5361392705001164,0.4281911257818061,0.3226417164194773,0.07017587939698494,0.09404522613065328,0.3263534190272613,-1.184866147349953,52.368421052631575,9415.902179894289,158.86604219766198,258.2125004230032,1.2457465074437994,57.489063474479394,0.025,1.980064978068886,0.9777197935968104
1017,RC_LADDER,noise,1.0509767578296842,0.51968757455712,0.41146202961133616,0.317449481551289,0.0677889447236181,0.09452261306532664,0.3036449609521702,-1.198428231390685,52.368421052631575,8787.525634347869,163.6953273839038,265.3368553350457,1.279776047426362,54.015035029812445,0.015,2.022324198775257,0.9528358695582744
1018,RC_LADDER,noise,1.008025070200007,0.5145772133794616,0.4078923148936849,0.31370936865201043,0.0677889447236181,0.09452261306532664,0.31182474982924735,-1.1716701263391742,52.368421052631575,8623.496807798329,160.5640562570552,262.48396340135264,1.27764911656945,52.95794170587439,0.025,1.9589384138871015,0.9463007495727018
